Timestamp,ID (HEX),Message Name,Data (HEX),Decoded Signals,Legitimacy
1754869342.1046498,000,DoS_Attack,C68A94BA639787A3,{},Malign
1754869342.1316416,008,DoS_Attack,375F4C56E5550B21,{},Malign
1754869342.2280612,010,DoS_Attack,74D312E43AE28924,{},Malign
1754869342.260651,007,DoS_Attack,0187AC192376754A,{},Malign
1754869342.2966797,001,DoS_Attack,AE2CA14B860E0804,{},Malign
1754869342.3289008,007,DoS_Attack,2C8520039CFE63EA,{},Malign
1754869342.409639,00E,DoS_Attack,705694695083BCC8,{},Malign
1754869342.4924722,00D,DoS_Attack,4EF572B0DF867B31,{},Malign
1754869342.5103903,00D,DoS_Attack,6D6D95DF82DB0C92,{},Malign
1754869342.573419,007,DoS_Attack,76937F53298FD645,{},Malign
1754869342.6620347,001,DoS_Attack,3A5F416752046F0E,{},Malign
1754869342.7598336,000,DoS_Attack,20722807CB602866,{},Malign
1754869342.7911174,007,DoS_Attack,678F55978DD920A9,{},Malign
1754869342.8350265,00A,DoS_Attack,CDA4CFA1DAE39A25,{},Malign
1754869342.8764439,006,DoS_Attack,8244AEEB8E94C330,{},Malign
1754869342.9048383,006,DoS_Attack,F56C990E0D40C395,{},Malign
1754869342.990584,008,DoS_Attack,0404E1394C040959,{},Malign
1754869343.002131,007,DoS_Attack,B676515996D0C6E7,{},Malign
1754869343.0881639,000,DoS_Attack,3A923DF46D3F7DE7,{},Malign
1754869343.1808834,009,DoS_Attack,7AD40A4609ECD1D7,{},Malign
1754869343.2694001,00B,DoS_Attack,7CA26A690E21C8B2,{},Malign
1754869343.329903,001,DoS_Attack,AB29ABA4B5107169,{},Malign
1754869343.3905716,004,DoS_Attack,F483A23295D2F5A7,{},Malign
1754869343.417466,008,DoS_Attack,F742C5C3888DB71B,{},Malign
1754869343.4709888,010,DoS_Attack,35E438459D5A9719,{},Malign
1754869343.563185,004,DoS_Attack,3A9AC78FA783060A,{},Malign
1754869343.5775607,00A,DoS_Attack,8F9411BD08FBE16E,{},Malign
1754869343.5988767,009,DoS_Attack,C79194F8C35E9134,{},Malign
1754869343.6858857,010,DoS_Attack,2E9E9A47DB2C7B1F,{},Malign
1754869343.7314646,00C,DoS_Attack,33F0FFE68498E05C,{},Malign
1754869343.7501397,006,DoS_Attack,520E303EFE9BBA58,{},Malign
1754869343.8416865,00E,DoS_Attack,8DB5868D45DAF7D7,{},Malign
1754869343.8749008,010,DoS_Attack,928BDEE1CCA5A462,{},Malign
1754869343.9255967,009,DoS_Attack,4D55939822022093,{},Malign
1754869343.9466305,00E,DoS_Attack,736BEF7AC85031E9,{},Malign
1754869344.043989,009,DoS_Attack,069001F346F746A0,{},Malign
1754869344.114962,006,DoS_Attack,0122041C154B1BD5,{},Malign
1754869344.1948698,009,DoS_Attack,7DB60270BB0EED82,{},Malign
1754869344.2528265,001,DoS_Attack,1393376B0D9DB435,{},Malign
1754869344.2969642,001,DoS_Attack,7BC6F4D1FE270137,{},Malign
1754869344.3217618,00A,DoS_Attack,2588400530634767,{},Malign
1754869344.36492,00B,DoS_Attack,BD5967441A510E55,{},Malign
1754869344.4147625,00D,DoS_Attack,207D060251A86F31,{},Malign
1754869344.460947,00A,DoS_Attack,D5885CEFC830BC21,{},Malign
1754869344.4991887,00E,DoS_Attack,3060A2FAC8D1DC35,{},Malign
1754869344.5581656,004,DoS_Attack,BE1E17BE7918B103,{},Malign
1754869344.6195703,007,DoS_Attack,6C0527ADF2AFF6CD,{},Malign
1754869344.68938,00F,DoS_Attack,1CFA173604473F56,{},Malign
1754869344.7125058,007,DoS_Attack,83564479CBBD485E,{},Malign
1754869344.7402277,000,DoS_Attack,FF996C7E2F4C8532,{},Malign
1754869344.767408,010,DoS_Attack,A48D28186A16BE24,{},Malign
1754869344.79586,001,DoS_Attack,28A0E0B0D5FBF3A1,{},Malign
1754869344.8147914,00F,DoS_Attack,BDBF4B85BC0C63D2,{},Malign
1754869344.8621597,004,DoS_Attack,18BAD818D44BDB4F,{},Malign
1754869344.9093323,010,DoS_Attack,FF723BBDFED7D8B4,{},Malign
1754869344.9954326,002,DoS_Attack,42660E9AA4D5E1D6,{},Malign
1754869345.0124178,00E,DoS_Attack,60224A66C55F5EE8,{},Malign
1754869345.0733175,006,DoS_Attack,92C0CB41C9E11116,{},Malign
1754869345.171706,00B,DoS_Attack,ABAC7739F765641C,{},Malign
1754869345.2717745,006,DoS_Attack,647B912EAEDA6D44,{},Malign
1754869345.302929,000,DoS_Attack,4007A86966362B43,{},Malign
1754869345.3982158,009,DoS_Attack,41D9753EF9ABFFD3,{},Malign
1754869345.4953656,009,DoS_Attack,AF9A23A3DC48E85E,{},Malign
1754869345.508016,007,DoS_Attack,C4C3CB5892CC8B3B,{},Malign
1754869345.5812314,004,DoS_Attack,6ED743A5575FAE43,{},Malign
1754869345.6284678,00D,DoS_Attack,E2F28AFD930489EE,{},Malign
1754869345.6386325,00F,DoS_Attack,961608D13A99A28D,{},Malign
1754869345.736516,006,DoS_Attack,7A0A8A8C66A65B71,{},Malign
1754869345.8351746,001,DoS_Attack,83698B913F7339B2,{},Malign
1754869345.900478,004,DoS_Attack,4F4277250C354627,{},Malign
1754869345.9304655,009,DoS_Attack,E53D5CA2A3C4CCEC,{},Malign
1754869345.998089,007,DoS_Attack,9DC11E7FF4F09BF3,{},Malign
1754869346.0280488,00E,DoS_Attack,29E75A5593984B2E,{},Malign
1754869346.0761075,004,DoS_Attack,F1E12198245794F9,{},Malign
1754869346.1533136,008,DoS_Attack,ED64982D2D786035,{},Malign
1754869346.2509723,010,DoS_Attack,504B3D920570A8C7,{},Malign
1754869346.3013713,005,DoS_Attack,5B44FC027D36E556,{},Malign
1754869346.363851,009,DoS_Attack,B156F6E7C37950B3,{},Malign
1754869346.4336038,00C,DoS_Attack,772597196BB0E284,{},Malign
1754869346.5050592,007,DoS_Attack,E40DD34BBFDE2A4F,{},Malign
1754869346.5628424,00D,DoS_Attack,D46F89D43263B05B,{},Malign
1754869346.5858626,00E,DoS_Attack,4DBE86AA9CBAFB39,{},Malign
1754869346.6292958,003,DoS_Attack,8D2DAF74CA213829,{},Malign
1754869346.725849,00D,DoS_Attack,7CE6B1BA33C41E3F,{},Malign
1754869346.8059332,002,DoS_Attack,00CF5CC8A07EE3E8,{},Malign
1754869346.8923192,00E,DoS_Attack,CD0F23C12CB8DA5B,{},Malign
1754869346.9913924,010,DoS_Attack,44611C05B478E612,{},Malign
1754869347.0722551,00B,DoS_Attack,3176A5A3D5F6550D,{},Malign
1754869347.1257794,00E,DoS_Attack,053B552D467F6F46,{},Malign
1754869347.1951866,001,DoS_Attack,0F29B70AFED2FA90,{},Malign
1754869347.2915435,000,DoS_Attack,16C974C317079571,{},Malign
1754869347.309049,003,DoS_Attack,36C991311377E739,{},Malign
1754869347.3545418,000,DoS_Attack,E00BAA19694F1B15,{},Malign
1754869347.3879285,002,DoS_Attack,13C8836338320273,{},Malign
1754869347.4071815,00A,DoS_Attack,7B66D1E29C94A738,{},Malign
1754869347.430396,004,DoS_Attack,96048BBFB28B9E0F,{},Malign
1754869347.4669359,00E,DoS_Attack,9B750055F3BE98F1,{},Malign
1754869347.5247664,000,DoS_Attack,0DD4239D252ADE2A,{},Malign
1754869347.6005547,004,DoS_Attack,2E2E2B26E3C4F3BA,{},Malign
1754869347.6123927,006,DoS_Attack,3B00E9091F234824,{},Malign
1754869347.6230536,008,DoS_Attack,98C01B8780716F24,{},Malign
1754869347.691606,002,DoS_Attack,DCDF4BF5FF83AD69,{},Malign
1754869347.769166,006,DoS_Attack,4730AC83CFC41BEE,{},Malign
1754869347.7988303,006,DoS_Attack,20A8D8D859B00B75,{},Malign
1754869347.8808224,009,DoS_Attack,8ED6A27F16A05C0B,{},Malign
1754869347.9676557,003,DoS_Attack,9D5213748BB44E00,{},Malign
1754869348.0231726,002,DoS_Attack,94C2B2B5A413E147,{},Malign
1754869348.0939717,010,DoS_Attack,7E1B42782E0E53D6,{},Malign
1754869348.1552963,00F,DoS_Attack,A6388D0CD9FCD982,{},Malign
1754869348.1760702,009,DoS_Attack,32789A1569259EBA,{},Malign
1754869348.206526,010,DoS_Attack,5B6053AAB4215476,{},Malign
1754869348.2617362,001,DoS_Attack,43254871E2D95BC2,{},Malign
1754869348.2958696,009,DoS_Attack,B0EB2A8205B3A9B9,{},Malign
1754869348.3596585,00E,DoS_Attack,30F7B5F55A711AE5,{},Malign
1754869348.3934903,004,DoS_Attack,A35920F8E25F3188,{},Malign
1754869348.4428365,010,DoS_Attack,0C48369A573AF95C,{},Malign
1754869348.4874005,00B,DoS_Attack,A65391C17817F863,{},Malign
1754869348.5219975,006,DoS_Attack,0AFC829D0195BF1E,{},Malign
1754869348.545245,00D,DoS_Attack,345D34E3E7E5E5E2,{},Malign
1754869348.6381755,00C,DoS_Attack,9DF39FCA12E08CC3,{},Malign
1754869348.6798081,00E,DoS_Attack,99F1CF3FFF45F4D2,{},Malign
1754869348.7040682,008,DoS_Attack,39434EFDF2CE4D49,{},Malign
1754869348.7529857,00F,DoS_Attack,2EA5D423D1EFDF95,{},Malign
1754869348.8021896,00C,DoS_Attack,F21F8AD203C9C33A,{},Malign
1754869348.8278594,00A,DoS_Attack,4252F59D45C1B1E4,{},Malign
1754869348.8764825,004,DoS_Attack,EEE6AB2959A42BB8,{},Malign
1754869348.947716,009,DoS_Attack,2B873D98A59101D9,{},Malign
1754869348.9589715,00A,DoS_Attack,837336EA2C8F79AA,{},Malign
1754869349.042951,002,DoS_Attack,8B52FAE501800775,{},Malign
1754869349.0909507,010,DoS_Attack,DF173B42E0DBEA44,{},Malign
1754869349.154403,010,DoS_Attack,3CECBB7F5AD4D181,{},Malign
1754869349.1877046,003,DoS_Attack,B154A0B709634A05,{},Malign
1754869349.2750835,001,DoS_Attack,2415BC780B1C6C78,{},Malign
1754869349.3055754,007,DoS_Attack,F3076CB963E1B475,{},Malign
1754869349.3566477,00A,DoS_Attack,A6F89F99ADF5D894,{},Malign
1754869349.3925762,00F,DoS_Attack,17DFDA1B1F8556AE,{},Malign
1754869349.4094362,005,DoS_Attack,166E30BD569CAFA8,{},Malign
1754869349.4706717,010,DoS_Attack,A6978AE116BA3FB3,{},Malign
1754869349.5062037,00D,DoS_Attack,74465B0A151085D6,{},Malign
1754869349.5690272,00B,DoS_Attack,E4EF05A9B025B94E,{},Malign
1754869349.6540313,009,DoS_Attack,4F5260CD4D0B9A6A,{},Malign
1754869349.670292,010,DoS_Attack,1396627388CAEE73,{},Malign
1754869349.7672899,008,DoS_Attack,EBACBC65523C0B6F,{},Malign
1754869349.83317,00E,DoS_Attack,53AFBE39E1A25D57,{},Malign
1754869349.8742523,00B,DoS_Attack,9A6E675022922329,{},Malign
1754869349.904674,001,DoS_Attack,B2545C90647CE2D7,{},Malign
1754869349.9476912,003,DoS_Attack,8E009D2A61EE4585,{},Malign
1754869350.0338633,001,DoS_Attack,B5E0F1896A86EAF9,{},Malign
1754869350.1107075,010,DoS_Attack,D07F9167B5BC50C9,{},Malign
1754869350.1567943,005,DoS_Attack,B2E4C87BEA6C740B,{},Malign
1754869350.2263432,008,DoS_Attack,BFF58A797BD6F1B1,{},Malign
1754869350.2728405,00D,DoS_Attack,1539EA35DC111BE5,{},Malign
1754869350.3024476,010,DoS_Attack,B1EDA11B06EBFF07,{},Malign
1754869350.3913858,006,DoS_Attack,92D765E7AA5C6E9C,{},Malign
1754869350.4264815,002,DoS_Attack,D6BCC212B0EE46B4,{},Malign
1754869350.5008492,00C,DoS_Attack,D368CA5A966AF477,{},Malign
1754869350.5195699,00B,DoS_Attack,76A0052FCE43FBA7,{},Malign
1754869350.5378065,00A,DoS_Attack,C0081182AF0D6D67,{},Malign
1754869350.6262405,005,DoS_Attack,F7E63421B92F87AE,{},Malign
1754869350.6682026,00B,DoS_Attack,6D49A47B03320355,{},Malign
1754869350.7302644,00C,DoS_Attack,2BECF0B955ACD6E7,{},Malign
1754869350.795224,010,DoS_Attack,8BEE2A043A91BA04,{},Malign
1754869350.890816,00B,DoS_Attack,D88CEC0055C5C4FC,{},Malign
1754869350.9390228,001,DoS_Attack,B1AF908A915FAA9F,{},Malign
1754869350.980203,003,DoS_Attack,8AE2E25AB18E80AC,{},Malign
1754869350.9964786,002,DoS_Attack,78C2DAA5AC3F2ED5,{},Malign
1754869351.0283697,00D,DoS_Attack,FD43591A2CE352D4,{},Malign
1754869351.042237,001,DoS_Attack,3333CC4055AA4AD5,{},Malign
1754869351.1080256,006,DoS_Attack,8BE416A667E98682,{},Malign
1754869351.1262813,000,DoS_Attack,EA4FCDA1FE1E349E,{},Malign
1754869351.1653268,00D,DoS_Attack,A98D43BBA0B6DCD2,{},Malign
1754869351.195802,000,DoS_Attack,198D9FD4CC1518FA,{},Malign
1754869351.2575989,007,DoS_Attack,B984B4869A1AF8C0,{},Malign
1754869351.27538,00C,DoS_Attack,E474D6D9C1E72881,{},Malign
1754869351.3720748,000,DoS_Attack,A57C2378B8807BF6,{},Malign
1754869351.4587798,007,DoS_Attack,641F8F7ECAD967BD,{},Malign
1754869351.5533245,00A,DoS_Attack,A954482D283EAA82,{},Malign
1754869351.6242433,004,DoS_Attack,FB1FE98B401AD4D1,{},Malign
1754869351.690335,009,DoS_Attack,429C2668036377C1,{},Malign
1754869351.7338228,004,DoS_Attack,4CB2B51A7809D427,{},Malign
1754869351.7575495,00A,DoS_Attack,43711D71DAC72E17,{},Malign
1754869351.8198256,004,DoS_Attack,D3363791614505D1,{},Malign
1754869351.918341,000,DoS_Attack,4E432D9E7A3E1DBE,{},Malign
1754869351.9367738,00C,DoS_Attack,823C76A1BF9A1B0B,{},Malign
1754869351.9758317,004,DoS_Attack,6C09DB8081E2D627,{},Malign
1754869352.0483623,002,DoS_Attack,A5A2062F17B5728F,{},Malign
1754869352.0693655,003,DoS_Attack,6D8E76B553101166,{},Malign
1754869352.0796854,006,DoS_Attack,B4E4D2F9CAFFDE83,{},Malign
1754869352.1511114,006,DoS_Attack,B7F3C497BFD2DF52,{},Malign
1754869352.2330115,005,DoS_Attack,EBD6A45EAB785D3A,{},Malign
1754869352.2930906,005,DoS_Attack,D022F333A932C7B2,{},Malign
1754869352.3227627,002,DoS_Attack,3FEA4C8FB8BD0414,{},Malign
1754869352.4196775,00E,DoS_Attack,3FACABC82E8277F2,{},Malign
1754869352.4934628,00E,DoS_Attack,DA7628FB781C4F5F,{},Malign
1754869352.536963,003,DoS_Attack,05ECBBA6FA7E9CD9,{},Malign
1754869352.566961,010,DoS_Attack,3C66A2126A92DBFB,{},Malign
1754869352.587065,006,DoS_Attack,B6938A404A95BA24,{},Malign
1754869352.6534584,00D,DoS_Attack,7C7D7C44ABE734CB,{},Malign
1754869352.6833978,009,DoS_Attack,C34869368ACFD735,{},Malign
1754869352.705992,010,DoS_Attack,762AFDE76FABA81F,{},Malign
1754869352.7863767,000,DoS_Attack,C999F886C3F75587,{},Malign
1754869352.8857007,004,DoS_Attack,A761EE4605D7EB8D,{},Malign
1754869352.914862,00C,DoS_Attack,4AB371607D2E842B,{},Malign
1754869352.9747965,00D,DoS_Attack,AFDBA81BCE91E80F,{},Malign
1754869353.0528696,00C,DoS_Attack,9B2BB1CDCFF928B7,{},Malign
1754869353.1400192,003,DoS_Attack,37C35FB32D9A9B2B,{},Malign
1754869353.1714737,006,DoS_Attack,1B3ACB34A8AE17C2,{},Malign
1754869353.2217646,00A,DoS_Attack,18E815B2F8942B54,{},Malign
1754869353.2751265,005,DoS_Attack,4DDABDDD068ED8DA,{},Malign
1754869353.337909,002,DoS_Attack,72F9A12120583876,{},Malign
1754869353.3500156,002,DoS_Attack,54305925244222F2,{},Malign
1754869353.3658473,001,DoS_Attack,BC0AFDC1366C0A64,{},Malign
1754869353.3930972,00D,DoS_Attack,6657E6181EED379A,{},Malign
1754869353.4566114,00A,DoS_Attack,11563605F1FF06E1,{},Malign
1754869353.506951,008,DoS_Attack,E71A99AA2E66C4B1,{},Malign
1754869353.6065037,006,DoS_Attack,C7C36487229B48D2,{},Malign
1754869353.662608,00A,DoS_Attack,7DF739FB2D811445,{},Malign
1754869353.7018013,006,DoS_Attack,5BFCE915D582C8F5,{},Malign
1754869353.764449,00D,DoS_Attack,A002E1F37507A390,{},Malign
1754869353.8074257,00C,DoS_Attack,8B3C2AAB2EFFC8F7,{},Malign
1754869353.8385973,006,DoS_Attack,8341C845E17BA644,{},Malign
1754869353.8611531,006,DoS_Attack,0491A480BA1F3950,{},Malign
1754869353.8717303,00D,DoS_Attack,B7850639612210DC,{},Malign
1754869353.9051886,004,DoS_Attack,99D6FC7F89EBAE73,{},Malign
1754869353.936567,008,DoS_Attack,2FA9C8D49FB0C089,{},Malign
1754869353.9712048,00B,DoS_Attack,B0F699B39449B256,{},Malign
1754869354.0360458,001,DoS_Attack,A0489B26E6592C1D,{},Malign
1754869354.05382,002,DoS_Attack,5A7563C614A2A042,{},Malign
1754869354.0888555,00D,DoS_Attack,FE5C86AF482D8443,{},Malign
1754869354.1787035,00F,DoS_Attack,6B5DBB9930B5B936,{},Malign
1754869354.2661736,002,DoS_Attack,E76DB4CD0C23EA0D,{},Malign
1754869354.3067367,00E,DoS_Attack,A0553B4454FA9D89,{},Malign
1754869354.3744369,00D,DoS_Attack,6197C0A966CF4175,{},Malign
1754869354.4043481,002,DoS_Attack,5EBD4806EF3906C4,{},Malign
1754869354.4262543,00F,DoS_Attack,1C7DC9619A99B2F9,{},Malign
1754869354.4595206,001,DoS_Attack,15BDE1A776D5F98F,{},Malign
1754869354.5391278,00A,DoS_Attack,87F2EB1601407759,{},Malign
1754869354.576973,00A,DoS_Attack,29B5D149838F1E2B,{},Malign
1754869354.674364,007,DoS_Attack,ABF640DE4D171D04,{},Malign
1754869354.6854258,006,DoS_Attack,AD5C65647CB4106B,{},Malign
1754869354.7608843,006,DoS_Attack,AD91080A72B9E2B9,{},Malign
1754869354.8326077,001,DoS_Attack,98B1C2D4F0E35ADD,{},Malign
1754869354.8694823,001,DoS_Attack,1146D4522A89A688,{},Malign
1754869354.883361,004,DoS_Attack,2293EB9847AB153F,{},Malign
1754869354.9131408,001,DoS_Attack,4C4A95618E189B75,{},Malign
1754869354.9628332,00C,DoS_Attack,385E2C4EFF42E38D,{},Malign
1754869354.9753642,00D,DoS_Attack,2FF984440B51C61C,{},Malign
1754869355.0505993,010,DoS_Attack,709B554EAEF6069D,{},Malign
1754869355.1107857,002,DoS_Attack,9776FE19738C8D53,{},Malign
1754869355.1586123,00E,DoS_Attack,CA87EA1312907118,{},Malign
1754869355.235437,009,DoS_Attack,4AAB1B25515AF5E7,{},Malign
1754869355.2527554,008,DoS_Attack,664C6C700B753079,{},Malign
1754869355.2783926,006,DoS_Attack,797A1A0E26F38C8D,{},Malign
1754869355.3052316,00E,DoS_Attack,9F89A2104E29FF6B,{},Malign
1754869355.3262908,007,DoS_Attack,1B8620C5C6628DC6,{},Malign
1754869355.3948464,00B,DoS_Attack,290EC381C5A2F174,{},Malign
1754869355.4734523,006,DoS_Attack,3B42F5309D4579CF,{},Malign
1754869355.5225775,00D,DoS_Attack,22B4702B6F7C61DD,{},Malign
1754869355.620877,007,DoS_Attack,1C986FBE07C28F8D,{},Malign
1754869355.6326094,007,DoS_Attack,AF9429425FD21B4D,{},Malign
1754869355.705006,001,DoS_Attack,C0A59CB9F4E65731,{},Malign
1754869355.7384968,008,DoS_Attack,096587C287AC1891,{},Malign
1754869355.7599368,006,DoS_Attack,514E6ACE4C02519C,{},Malign
1754869355.8417625,00F,DoS_Attack,12CC3B6FCD1841AB,{},Malign
1754869355.9783165,00A,DoS_Attack,2B651B67B5BE1837,{},Malign
1754869356.0387104,00D,DoS_Attack,895F63F887CC7BF2,{},Malign
1754869356.062291,005,DoS_Attack,C600F1F4B0D06C77,{},Malign
1754869356.0937567,00E,DoS_Attack,CA6B8CE76CF21D0E,{},Malign
1754869356.1918452,00D,DoS_Attack,C5DC9C3A6EE1815D,{},Malign
1754869356.2646554,000,DoS_Attack,DC99C821B631B66D,{},Malign
1754869356.3606277,00C,DoS_Attack,09FDFB5427CAA709,{},Malign
1754869356.411997,001,DoS_Attack,D3AC6FDE3C5865E6,{},Malign
1754869356.4844465,007,DoS_Attack,2394C98C00C8B038,{},Malign
1754869356.5226786,000,DoS_Attack,443B8D9FF41CA9D7,{},Malign
1754869356.5558782,00D,DoS_Attack,1D206B495044A51A,{},Malign
1754869356.6402314,004,DoS_Attack,3EB7D4103D03F844,{},Malign
1754869356.719269,004,DoS_Attack,10F0B4DD2AF86F09,{},Malign
1754869356.7484603,00A,DoS_Attack,7B638491E8440DD0,{},Malign
1754869356.7591715,006,DoS_Attack,FC75508C2943FDEF,{},Malign
1754869356.8423252,003,DoS_Attack,5203E11994B1ACD2,{},Malign
1754869356.8755744,002,DoS_Attack,A3254576935C56B2,{},Malign
1754869356.9648843,007,DoS_Attack,6101C131C4D5575E,{},Malign
1754869357.0033736,001,DoS_Attack,2FF6E919FE69B55A,{},Malign
1754869357.0482829,009,DoS_Attack,C87C6880CE087EC1,{},Malign
1754869357.0985243,005,DoS_Attack,45C8CC84B6088A0A,{},Malign
1754869357.1453362,010,DoS_Attack,F41E9739B57250FF,{},Malign
1754869357.234065,00F,DoS_Attack,E2796E0FBEB1F96A,{},Malign
1754869357.321033,00B,DoS_Attack,FA9837DE7DD2589C,{},Malign
1754869357.3737073,010,DoS_Attack,825F8A4EB6C3E993,{},Malign
1754869357.3847423,009,DoS_Attack,1800AAB7DA89C5BD,{},Malign
1754869357.463833,003,DoS_Attack,4D1CD76E4CE45539,{},Malign
1754869357.481344,007,DoS_Attack,4CE4AD92E8EDE3C1,{},Malign
1754869357.557694,00B,DoS_Attack,D9F9D504472438A3,{},Malign
1754869357.5999527,003,DoS_Attack,75AD5DF34D5C6E9A,{},Malign
1754869357.662583,00B,DoS_Attack,887A2940978C8FEE,{},Malign
1754869357.7358127,00B,DoS_Attack,3ED8B433B898148F,{},Malign
1754869357.7585037,002,DoS_Attack,7EE0746C541F80E6,{},Malign
1754869357.8448443,006,DoS_Attack,31B47E89B58D5D2D,{},Malign
1754869357.8684247,001,DoS_Attack,0505336D4C7BB095,{},Malign
1754869357.9178987,010,DoS_Attack,CF31577B7675BDAA,{},Malign
1754869358.01547,002,DoS_Attack,E196392A607E2C54,{},Malign
1754869358.0805056,002,DoS_Attack,D8B7882CFBADFF1B,{},Malign
1754869358.1149175,008,DoS_Attack,AA21F55D8A2C60C6,{},Malign
1754869358.1823826,001,DoS_Attack,545F0952330E929E,{},Malign
1754869358.263746,00E,DoS_Attack,B11666A5515DE0C9,{},Malign
1754869358.3001683,003,DoS_Attack,BC0A2994F53E9C23,{},Malign
1754869358.3568301,00A,DoS_Attack,102F9C1124EF63A6,{},Malign
1754869358.3810616,003,DoS_Attack,D5E1FBADBACF2E45,{},Malign
1754869358.4058328,000,DoS_Attack,ABFB53795D7F9C5B,{},Malign
1754869358.4598932,005,DoS_Attack,7A4BC7A78A881F4C,{},Malign
1754869358.5180488,008,DoS_Attack,715BAB56F8ADBD98,{},Malign
1754869358.5530052,006,DoS_Attack,92ED959A3A6BE59C,{},Malign
1754869358.6482177,004,DoS_Attack,6950636BBBFAB361,{},Malign
1754869358.7193801,008,DoS_Attack,5B6ABA61F6F22258,{},Malign
1754869358.750676,009,DoS_Attack,F2FD9966534FF321,{},Malign
1754869358.8016791,007,DoS_Attack,0C72D2D8B4ABFAFF,{},Malign
1754869358.8162355,005,DoS_Attack,C2E524B2C6F8B8AE,{},Malign
1754869358.8941314,002,DoS_Attack,6D828E5278AE991F,{},Malign
1754869358.9428105,010,DoS_Attack,2E0662D1923F2B18,{},Malign
1754869358.9643517,00E,DoS_Attack,D2C614450E66C796,{},Malign
1754869358.9761755,00C,DoS_Attack,6C12B21B14F77104,{},Malign
1754869359.0545597,001,DoS_Attack,98AD7B5EF3AD2FDB,{},Malign
1754869359.1078186,010,DoS_Attack,498CE6CF11ECD4E6,{},Malign
1754869359.202267,00F,DoS_Attack,27195F2AA7EC2B42,{},Malign
1754869359.2329814,006,DoS_Attack,CAA8B3F8BB8AC252,{},Malign
1754869359.2602105,009,DoS_Attack,309C3B8C3CF95D27,{},Malign
1754869359.2920008,001,DoS_Attack,9D18D172903C421D,{},Malign
1754869359.3040068,010,DoS_Attack,A53150ECA600DE7E,{},Malign
1754869359.371697,00D,DoS_Attack,D2A85AB16A53BA91,{},Malign
1754869359.3928874,010,DoS_Attack,697F5B063780ADC3,{},Malign
1754869359.4498146,00D,DoS_Attack,C93D6527CCD882BB,{},Malign
1754869359.4798396,009,DoS_Attack,182EADFC4C7E6EC0,{},Malign
1754869359.500299,00B,DoS_Attack,94C6815087BE9CB7,{},Malign
1754869359.5635128,007,DoS_Attack,44D1581589047799,{},Malign
1754869359.6604064,003,DoS_Attack,11F1C7C9998AE944,{},Malign
1754869359.7488794,007,DoS_Attack,89E4B826EFA65733,{},Malign
1754869359.8038676,000,DoS_Attack,16F63BD966C1C2F0,{},Malign
1754869359.8544164,005,DoS_Attack,208E3FFFC5917D09,{},Malign
1754869359.880768,009,DoS_Attack,F265B45852971D76,{},Malign
1754869359.9607582,007,DoS_Attack,97552F140B839104,{},Malign
1754869360.0093126,00A,DoS_Attack,FBD37CF35D8BC5FF,{},Malign
1754869360.0515413,001,DoS_Attack,CCDC941CC65E59AB,{},Malign
1754869360.1012518,009,DoS_Attack,643D715975E49D6B,{},Malign
1754869360.1722105,00A,DoS_Attack,6EE7E696EBA6124D,{},Malign
1754869360.2661357,004,DoS_Attack,19A299067AE7536C,{},Malign
1754869360.3078654,010,DoS_Attack,E05BC693D3E7DC85,{},Malign
1754869360.331682,000,DoS_Attack,B9F8970356DDCD88,{},Malign
1754869360.3778641,004,DoS_Attack,0435A7C899FDC408,{},Malign
1754869360.412656,00D,DoS_Attack,C651A37A3AB3D694,{},Malign
1754869360.4422953,004,DoS_Attack,8E7746B34F3DBF8A,{},Malign
1754869360.515841,00A,DoS_Attack,8641E07BBA6D1E03,{},Malign
1754869360.5385835,008,DoS_Attack,1FA17AF7381D0671,{},Malign
1754869360.613933,008,DoS_Attack,696EA230E5C4DE0F,{},Malign
1754869360.6249762,00E,DoS_Attack,34F6B52BF94767A0,{},Malign
1754869360.7048368,002,DoS_Attack,CBAB1565F45F04EB,{},Malign
1754869360.7202094,00E,DoS_Attack,13DC94D910DA21DF,{},Malign
1754869360.7459688,005,DoS_Attack,F0715D7793291221,{},Malign
1754869360.7848182,00B,DoS_Attack,CF78DB0C155B11BE,{},Malign
1754869360.8042312,005,DoS_Attack,AA585DF131D5CA5A,{},Malign
1754869360.8895264,009,DoS_Attack,81C86D5050EBF982,{},Malign
1754869360.9316678,008,DoS_Attack,214114DF4CD99E67,{},Malign
1754869360.9878454,002,DoS_Attack,A7919744049F1140,{},Malign
1754869361.0775316,008,DoS_Attack,2E5F8A268266501A,{},Malign
1754869361.147469,010,DoS_Attack,F4E595F61BFFB53D,{},Malign
1754869361.245376,005,DoS_Attack,632ACA3242987356,{},Malign
1754869361.3321307,00F,DoS_Attack,2BA2BD6802692F4B,{},Malign
1754869361.377643,005,DoS_Attack,20CC7407CF4CECC2,{},Malign
1754869361.416883,003,DoS_Attack,FF9A6A3E50D0209E,{},Malign
1754869361.4981184,00E,DoS_Attack,5975191123EA69CC,{},Malign
1754869361.5585644,001,DoS_Attack,CAAC3CCCE4677BB0,{},Malign
1754869361.6513336,006,DoS_Attack,EBCBFD9073FEEB11,{},Malign
1754869361.7275383,00D,DoS_Attack,D10A14B204631DCB,{},Malign
1754869361.8169367,008,DoS_Attack,45F0D710D71E52E8,{},Malign
1754869361.8467062,002,DoS_Attack,10A0B8906DAF3275,{},Malign
1754869361.8778837,00C,DoS_Attack,A533D567BBED4091,{},Malign
1754869361.9489346,001,DoS_Attack,B62E36F947D31707,{},Malign
1754869362.0262024,009,DoS_Attack,C3CB9B0551BBC2DF,{},Malign
1754869362.04983,009,DoS_Attack,9A15362F36AD344C,{},Malign
1754869362.102355,000,DoS_Attack,DFA7410D16716C55,{},Malign
1754869362.1330314,004,DoS_Attack,E8058E020BB4FF50,{},Malign
1754869362.1546788,000,DoS_Attack,92410FDA1F3AB87E,{},Malign
1754869362.2523804,006,DoS_Attack,73B5919851172A6E,{},Malign
1754869362.3105311,009,DoS_Attack,AF63288BA5BD1956,{},Malign
1754869362.391094,00E,DoS_Attack,B7D690EE55CAF254,{},Malign
1754869362.467716,008,DoS_Attack,90C36C7B9F1623E3,{},Malign
1754869362.4839122,010,DoS_Attack,DDBC5A1472F2900C,{},Malign
1754869362.5411963,00A,DoS_Attack,AF164894183CFA38,{},Malign
1754869362.6063685,009,DoS_Attack,3FC403E78052A0A3,{},Malign
1754869362.6623788,009,DoS_Attack,CD437EC5A242EDA7,{},Malign
1754869362.6878088,00D,DoS_Attack,0A391D570EE35D03,{},Malign
1754869362.7781928,00C,DoS_Attack,80325711EBDFFD7B,{},Malign
1754869362.8688889,003,DoS_Attack,D5EC3BA6208C4987,{},Malign
1754869362.944269,004,DoS_Attack,E352B0E33C1B59BE,{},Malign
1754869362.9658358,000,DoS_Attack,78C63D150AB7BC4D,{},Malign
1754869362.9859643,005,DoS_Attack,35564B8C282D206A,{},Malign
1754869363.0644524,002,DoS_Attack,4DD09B55DD69B4B9,{},Malign
1754869363.107224,00D,DoS_Attack,2069D8D6E50B20C6,{},Malign
1754869363.1533883,003,DoS_Attack,564D330785E387CA,{},Malign
1754869363.2227685,008,DoS_Attack,29119333A750BFC1,{},Malign
1754869363.2562335,006,DoS_Attack,54539311D95E55A0,{},Malign
1754869363.3327973,00B,DoS_Attack,86BAE2FCDF5CE835,{},Malign
1754869363.3847632,00F,DoS_Attack,744A94D066E4FC83,{},Malign
1754869363.4568357,000,DoS_Attack,7DAA0661C1D957F2,{},Malign
1754869363.534576,00B,DoS_Attack,55C3231FF0D68BE0,{},Malign
1754869363.6205878,001,DoS_Attack,E85B81C76BF6DC54,{},Malign
1754869363.6331701,000,DoS_Attack,1EAF00B1BAA01EA0,{},Malign
1754869363.7293787,002,DoS_Attack,D02B7EA792E09C5C,{},Malign
1754869363.747901,008,DoS_Attack,29134B734914B304,{},Malign
1754869363.786843,007,DoS_Attack,5C547BB573671297,{},Malign
1754869363.806242,00A,DoS_Attack,9158639220B9A295,{},Malign
1754869363.9009714,008,DoS_Attack,A721BE72CC094B56,{},Malign
1754869363.9979439,006,DoS_Attack,0FC06ED18F0D049A,{},Malign
1754869364.0771897,004,DoS_Attack,E3F3F1016EDB79CF,{},Malign
1754869364.1758537,009,DoS_Attack,088460A092DF1930,{},Malign
1754869364.2054052,009,DoS_Attack,D8EEE12C8EAE882E,{},Malign
1754869364.2964542,001,DoS_Attack,1230A8230AF8A897,{},Malign
1754869364.348588,00D,DoS_Attack,1DA676007964A235,{},Malign
1754869364.41595,00F,DoS_Attack,CA89F0A836FFFE9D,{},Malign
1754869364.4564366,007,DoS_Attack,FDD831DA199E5777,{},Malign
1754869364.491841,003,DoS_Attack,5A2F1228E1253902,{},Malign
1754869364.569698,001,DoS_Attack,A947F634A9ACE661,{},Malign
1754869364.6059582,00F,DoS_Attack,2B45E05AD24D5DBF,{},Malign
1754869364.6288133,00F,DoS_Attack,7F53A14FFD4B832F,{},Malign
1754869364.646215,003,DoS_Attack,3A6E979E7256CF51,{},Malign
1754869364.706682,00E,DoS_Attack,6009DA95063A82C5,{},Malign
1754869364.7341237,007,DoS_Attack,E17DDEAECD7DD592,{},Malign
1754869364.761735,00E,DoS_Attack,9D2255B0657FBE8C,{},Malign
1754869364.8043642,00C,DoS_Attack,CF7092F1303BC2FF,{},Malign
1754869364.8407948,00C,DoS_Attack,8D904E9B3A771C92,{},Malign
1754869364.8857102,008,DoS_Attack,F04F970E26362583,{},Malign
1754869364.948159,004,DoS_Attack,50A64270B5EE0F12,{},Malign
1754869364.9866982,009,DoS_Attack,377387EAD954EF75,{},Malign
1754869365.0537426,004,DoS_Attack,43858F726907567A,{},Malign
1754869365.147479,002,DoS_Attack,0B4890ED79BC5E83,{},Malign
1754869365.1933815,005,DoS_Attack,99916AE03175AB7C,{},Malign
1754869365.212015,00F,DoS_Attack,432709AED71F0155,{},Malign
1754869365.2359025,00F,DoS_Attack,C614FAE7989124C0,{},Malign
1754869365.3349066,002,DoS_Attack,5E1D0A29E6E2BD5C,{},Malign
1754869365.3538485,003,DoS_Attack,E114E05FB47B18A6,{},Malign
1754869365.4193285,007,DoS_Attack,51EC92DA7F85074B,{},Malign
1754869365.4510918,002,DoS_Attack,15EB00BFF1D82B59,{},Malign
1754869365.5305576,00B,DoS_Attack,E3AE29A347B21526,{},Malign
1754869365.622646,00C,DoS_Attack,132120B475154BF0,{},Malign
1754869365.6337392,007,DoS_Attack,7ABEA225AA5F283C,{},Malign
1754869365.731953,008,DoS_Attack,45213FB4104B75E7,{},Malign
1754869365.7869506,006,DoS_Attack,3B89306DAA4790EB,{},Malign
1754869365.8080251,007,DoS_Attack,7E3D3FA54E633086,{},Malign
1754869365.8860953,001,DoS_Attack,886C82B970D5D2A4,{},Malign
1754869365.9068522,007,DoS_Attack,A7CDE2BCEA92EC88,{},Malign
1754869366.0013928,00B,DoS_Attack,A5710B6213A41A13,{},Malign
1754869366.0337422,00F,DoS_Attack,48E950E0F019BB50,{},Malign
1754869366.1207762,010,DoS_Attack,F52C046E96FA988B,{},Malign
1754869366.1749115,00C,DoS_Attack,5CDDCBA819A82F40,{},Malign
1754869366.2122927,00B,DoS_Attack,E32AADD15C2F8710,{},Malign
1754869366.247654,006,DoS_Attack,1D25A8D799EF52E2,{},Malign
1754869366.290686,001,DoS_Attack,68F14D67608C067B,{},Malign
1754869366.3477287,008,DoS_Attack,46A1197633ACDED7,{},Malign
1754869366.4434378,00A,DoS_Attack,96E8EEE0B42EEDE0,{},Malign
1754869366.47513,00A,DoS_Attack,087114AFDA956E41,{},Malign
1754869366.5521035,003,DoS_Attack,F901281D10F7277C,{},Malign
1754869366.6158981,000,DoS_Attack,54D01D3A077B2F6A,{},Malign
1754869366.7034335,007,DoS_Attack,A2B19C61BF11AF53,{},Malign
1754869366.7452493,00C,DoS_Attack,46D2B0EEFE287176,{},Malign
1754869366.7998393,007,DoS_Attack,75E44F3ADA3C055A,{},Malign
1754869366.8958333,00D,DoS_Attack,D2FE8FCC7438F970,{},Malign
1754869366.9878712,008,DoS_Attack,47AE591003553C74,{},Malign
1754869367.049926,002,DoS_Attack,184FD1B888B1C4A9,{},Malign
1754869367.1029627,00A,DoS_Attack,7EAFC69771C69C6B,{},Malign
1754869367.138889,007,DoS_Attack,BE03DB0B3DB92CB2,{},Malign
1754869367.1796553,006,DoS_Attack,0A794F0B566AC7DE,{},Malign
1754869367.264756,004,DoS_Attack,62E7E14C8935FB8E,{},Malign
1754869367.2804096,006,DoS_Attack,BEA47FE781A86801,{},Malign
1754869367.3219717,00A,DoS_Attack,647D570AD77147CC,{},Malign
1754869367.4149675,010,DoS_Attack,49CCC5F8DEE6108F,{},Malign
1754869367.4388363,006,DoS_Attack,3A204A948CB5B346,{},Malign
1754869367.4866238,010,DoS_Attack,BA8BCE28BF055AD8,{},Malign
1754869367.5316737,006,DoS_Attack,62A4E2D1D882A3F2,{},Malign
1754869367.5711677,00A,DoS_Attack,C76FD400B7416F2C,{},Malign
1754869367.6598408,000,DoS_Attack,F5F018B1260F6A90,{},Malign
1754869367.7005696,000,DoS_Attack,5177DC7A7C5E050C,{},Malign
1754869367.7387826,003,DoS_Attack,D9E59EDDAF258556,{},Malign
1754869367.8204956,002,DoS_Attack,4C8041EA75E8FC5B,{},Malign
1754869367.8533294,008,DoS_Attack,D2768C3DDDD72C09,{},Malign
1754869367.8779242,010,DoS_Attack,838AA77A79DC4E3B,{},Malign
1754869367.9370193,006,DoS_Attack,92BE1D57A6BF5B30,{},Malign
1754869368.0175526,007,DoS_Attack,654415C938BC4453,{},Malign
1754869368.0729272,009,DoS_Attack,035413EA918B63B0,{},Malign
1754869368.128591,00F,DoS_Attack,B8B0AEA57061D3F2,{},Malign
1754869368.1566749,003,DoS_Attack,E7B2A5C8E2E02E69,{},Malign
1754869368.1763248,00C,DoS_Attack,A1F6737AD38DBB3D,{},Malign
1754869368.2365093,002,DoS_Attack,B201AFFC3F099B28,{},Malign
1754869368.3143153,001,DoS_Attack,E45BBAF6815D1DFE,{},Malign
1754869368.355309,006,DoS_Attack,AD7704430309B1CD,{},Malign
1754869368.405647,001,DoS_Attack,EA54315F76E2A01F,{},Malign
1754869368.435351,003,DoS_Attack,58FE7E5C6BDFCE5A,{},Malign
1754869368.452891,00F,DoS_Attack,3C913C2825B03A2E,{},Malign
1754869368.4725997,010,DoS_Attack,1CAF4BB47FAE881F,{},Malign
1754869368.5214918,009,DoS_Attack,B180D2259306516F,{},Malign
1754869368.5620396,003,DoS_Attack,C3710F24894B7892,{},Malign
1754869368.657602,002,DoS_Attack,CD109672D35E4C16,{},Malign
1754869368.7466712,00E,DoS_Attack,116FB8673A662707,{},Malign
1754869368.7845824,00A,DoS_Attack,94E733B9698AA261,{},Malign
1754869368.835855,007,DoS_Attack,1A6952DFF783C7AE,{},Malign
1754869368.9181561,005,DoS_Attack,46D877BE22C2E44B,{},Malign
1754869369.0166209,001,DoS_Attack,E6C528B5033EABB2,{},Malign
1754869369.1113153,000,DoS_Attack,3A7C75F626D373DD,{},Malign
1754869369.1539404,005,DoS_Attack,057AFE4F2A6E7224,{},Malign
1754869369.2006364,004,DoS_Attack,DACDA59DEE7974DE,{},Malign
1754869369.2825096,009,DoS_Attack,A390BBE792A6CF7C,{},Malign
1754869369.3596087,005,DoS_Attack,46279F0EDB12D328,{},Malign
1754869369.435053,00E,DoS_Attack,C7CCF9356BBC827D,{},Malign
1754869369.5016172,00C,DoS_Attack,F2DC0CB0E90A16DF,{},Malign
1754869369.5869446,00B,DoS_Attack,9BE87A5AA99E934F,{},Malign
1754869369.6394987,00A,DoS_Attack,B352F339678F6707,{},Malign
1754869369.663834,000,DoS_Attack,0E326EDEEDD62334,{},Malign
1754869369.7184887,000,DoS_Attack,D6902D95CDD8DFC0,{},Malign
1754869369.753688,004,DoS_Attack,AABA84772CEF7424,{},Malign
1754869369.7775466,001,DoS_Attack,59BBA6C5919648D4,{},Malign
1754869369.8117893,004,DoS_Attack,C37F537E0D16A2D1,{},Malign
1754869369.9006088,004,DoS_Attack,A9339B7817F364D5,{},Malign
1754869369.9926467,00C,DoS_Attack,B8E86EFFDFC3652D,{},Malign
1754869370.0903652,00B,DoS_Attack,509D65C0A00D1294,{},Malign
1754869370.164104,000,DoS_Attack,E29C7BAFCDA7F52C,{},Malign
1754869370.205378,001,DoS_Attack,E0965BC181A77AC4,{},Malign
1754869370.2718427,001,DoS_Attack,08375C9576A829B1,{},Malign
1754869370.331711,006,DoS_Attack,1A8FDE69ECD35DB6,{},Malign
1754869370.364493,009,DoS_Attack,C216B66FFDA56A31,{},Malign
1754869370.4026756,00A,DoS_Attack,C8FB8475432942A7,{},Malign
1754869370.4272318,00A,DoS_Attack,C07882EE8D2FF98E,{},Malign
1754869370.4808018,00A,DoS_Attack,E3B1060979222D3A,{},Malign
1754869370.5673532,00E,DoS_Attack,D32F89C3D68EA3A8,{},Malign
1754869370.604101,00D,DoS_Attack,5CCAD32D0B17C8B3,{},Malign
1754869370.6274712,006,DoS_Attack,EE46BEBF562936DE,{},Malign
1754869370.6471696,000,DoS_Attack,E2EA753030436D96,{},Malign
1754869370.675841,003,DoS_Attack,DED7D9F5222B549F,{},Malign
1754869370.6893597,006,DoS_Attack,2F7D036067626424,{},Malign
1754869370.7273889,00D,DoS_Attack,90AF18D67D044EB2,{},Malign
1754869370.789895,00C,DoS_Attack,22F885916B4AC433,{},Malign
1754869370.8890073,000,DoS_Attack,806AE62871004CA7,{},Malign
1754869370.9867315,00F,DoS_Attack,79E6D5FBBEA522FB,{},Malign
1754869371.0171845,008,DoS_Attack,D36804EAE4AA8943,{},Malign
1754869371.0787942,001,DoS_Attack,B3293C90AC456D47,{},Malign
1754869371.1483603,001,DoS_Attack,144FAF05F6D3A00A,{},Malign
1754869371.1752331,001,DoS_Attack,AA2E6A3B0F61B42B,{},Malign
1754869371.2155073,000,DoS_Attack,02EE2E114A1BF410,{},Malign
1754869371.2719634,009,DoS_Attack,2F269053DB772995,{},Malign
1754869371.3558226,003,DoS_Attack,360628229E7F6534,{},Malign
1754869371.4325616,008,DoS_Attack,F1E19C9106E37506,{},Malign
1754869371.4527898,001,DoS_Attack,F04CAE4358CE7928,{},Malign
1754869371.4865713,005,DoS_Attack,B877D1E59BD225D2,{},Malign
1754869371.525591,007,DoS_Attack,37159F84AD2A10CA,{},Malign
1754869371.5769482,000,DoS_Attack,24C4D891D7B44AE9,{},Malign
1754869371.6612437,007,DoS_Attack,736EBA68AF5FA301,{},Malign
1754869371.724857,00D,DoS_Attack,6CAD4006CF6020E0,{},Malign
1754869371.7385764,005,DoS_Attack,132D16DF917DBD8D,{},Malign
1754869371.8085494,002,DoS_Attack,252608542A9A6644,{},Malign
1754869371.8722372,006,DoS_Attack,137F15B569F8AF74,{},Malign
1754869371.9290686,003,DoS_Attack,E2BA72147960E756,{},Malign
1754869372.005602,00A,DoS_Attack,BC1197118D77A394,{},Malign
1754869372.025194,00C,DoS_Attack,752A5214E8D6CC74,{},Malign
1754869372.0792332,002,DoS_Attack,7D429B465160BD9C,{},Malign
1754869372.1403768,004,DoS_Attack,D617B63E1642E867,{},Malign
1754869372.2050765,00B,DoS_Attack,C01FC24699A5393B,{},Malign
1754869372.25361,006,DoS_Attack,D189D302E6C5256B,{},Malign
1754869372.323241,007,DoS_Attack,3EAD5C7241007185,{},Malign
1754869372.383624,00F,DoS_Attack,12D52023570C001D,{},Malign
1754869372.4085238,00B,DoS_Attack,F0234B334002E78B,{},Malign
1754869372.5011883,009,DoS_Attack,536E12E9531345E4,{},Malign
1754869372.5966132,008,DoS_Attack,A977CBDBCFD7F245,{},Malign
1754869372.6667464,00D,DoS_Attack,5F9C755BD6E46257,{},Malign
1754869372.7097726,00B,DoS_Attack,589505CEF358BA38,{},Malign
1754869372.805402,006,DoS_Attack,F91760A91745E48B,{},Malign
1754869372.8668249,00B,DoS_Attack,551CE99779FE0D76,{},Malign
1754869372.9008095,001,DoS_Attack,144FD62C5BC39DF5,{},Malign
1754869372.9132152,007,DoS_Attack,D3972ABAEBCA8C2A,{},Malign
1754869372.9435658,00B,DoS_Attack,571C2D1584800080,{},Malign
1754869372.9648478,005,DoS_Attack,105AE786B31A84FE,{},Malign
1754869373.0248349,00B,DoS_Attack,19E28216D16F0BEE,{},Malign
1754869373.0500216,001,DoS_Attack,D68ACA8534EDF7D1,{},Malign
1754869373.1111906,00F,DoS_Attack,1DCF42A17785FD5F,{},Malign
1754869373.1278827,00C,DoS_Attack,EB92B15840830A8A,{},Malign
1754869373.1552155,010,DoS_Attack,33CBD81440C98ADE,{},Malign
1754869373.2441032,00A,DoS_Attack,9CAB5A33D9C162CC,{},Malign
1754869373.3136032,004,DoS_Attack,3D1F13D098E75E9B,{},Malign
1754869373.3696537,001,DoS_Attack,6E3659C9E1DE47F4,{},Malign
1754869373.407502,00F,DoS_Attack,2DE040C8277DD605,{},Malign
1754869373.441744,005,DoS_Attack,8438FF988BF47C04,{},Malign
1754869373.4629836,007,DoS_Attack,C7B11205427FD28A,{},Malign
1754869373.4957607,000,DoS_Attack,E57DC11A6E1A83D7,{},Malign
1754869373.5815654,00A,DoS_Attack,2A8BA7D5067E28D8,{},Malign
1754869373.652781,00D,DoS_Attack,3972AC0191003B26,{},Malign
1754869373.6828582,00D,DoS_Attack,C5FDDF34931A415B,{},Malign
1754869373.7146766,00B,DoS_Attack,2389F4BC4CE049A5,{},Malign
1754869373.7481554,007,DoS_Attack,B66DE35D52F5F2C7,{},Malign
1754869373.8365805,005,DoS_Attack,B17926AF5DEC9BD5,{},Malign
1754869373.917148,00E,DoS_Attack,65DDA5B41B0A573D,{},Malign
1754869373.9705286,00C,DoS_Attack,6CE7FF7323E3EFB8,{},Malign
1754869373.9808674,000,DoS_Attack,D37F705DD00C9E04,{},Malign
1754869373.9912472,005,DoS_Attack,DF6B96CBFBFECB43,{},Malign
1754869374.0621202,010,DoS_Attack,2F39553316526A64,{},Malign
1754869374.0834935,002,DoS_Attack,0ACD8848B7A8FC6A,{},Malign
1754869374.1101398,007,DoS_Attack,EF05511F5EFD0CAA,{},Malign
1754869374.2067978,00F,DoS_Attack,8101429BC05F0517,{},Malign
1754869374.250835,008,DoS_Attack,30624F2844C4BBC3,{},Malign
1754869374.2821867,009,DoS_Attack,CB1B29364F81B0F5,{},Malign
1754869374.2981174,007,DoS_Attack,2DFBF434C5DFB3C5,{},Malign
1754869374.386252,004,DoS_Attack,0ED1CEA4935A85A0,{},Malign
1754869374.4232168,006,DoS_Attack,96A1FC2CBD1E62D6,{},Malign
1754869374.454497,010,DoS_Attack,0F17D022D0AC2582,{},Malign
1754869374.5342185,00F,DoS_Attack,F3297212B4F82872,{},Malign
1754869374.5829427,00A,DoS_Attack,C10C0C001403537B,{},Malign
1754869374.619312,00F,DoS_Attack,6E4FEC7CA2732E23,{},Malign
1754869374.6728127,007,DoS_Attack,8CD11E0E7BCD1C18,{},Malign
1754869374.7684045,003,DoS_Attack,03976121A9FB8B37,{},Malign
1754869374.8622005,007,DoS_Attack,93EAA61597465A50,{},Malign
1754869374.904759,00E,DoS_Attack,04F800B4700FC325,{},Malign
1754869374.9713042,003,DoS_Attack,93111406F42B046C,{},Malign
1754869375.045388,005,DoS_Attack,D297BEA19288BB16,{},Malign
1754869375.117206,00D,DoS_Attack,AB4C14DEB21B8E9E,{},Malign
1754869375.1905994,002,DoS_Attack,2CF75C1317179482,{},Malign
1754869375.2852113,001,DoS_Attack,DCB768251475F53E,{},Malign
1754869375.3385797,009,DoS_Attack,B1DC04D7CF32F11D,{},Malign
1754869375.3792193,00D,DoS_Attack,9296EFA100B6B0B5,{},Malign
1754869375.4343119,000,DoS_Attack,8392227EAA189C44,{},Malign
1754869375.4551015,001,DoS_Attack,1C4DA5479FB8EB23,{},Malign
1754869375.535437,001,DoS_Attack,38EDF90B18EA4008,{},Malign
1754869375.6017098,010,DoS_Attack,48810DE54663D496,{},Malign
1754869375.6946547,00D,DoS_Attack,DBDBE8E22C44C5A2,{},Malign
1754869375.7747588,00D,DoS_Attack,28241C87AE822FB4,{},Malign
1754869375.8256,002,DoS_Attack,79DA10A07DC1C5F9,{},Malign
1754869375.8659277,010,DoS_Attack,7AAFDCC893789005,{},Malign
1754869375.8954597,010,DoS_Attack,DAB05097208402E6,{},Malign
1754869375.9533105,00F,DoS_Attack,B189D3830FE11F72,{},Malign
1754869376.0023744,00C,DoS_Attack,04C4EE06ECFEC2A7,{},Malign
1754869376.0662224,001,DoS_Attack,A894F5C7B257E99A,{},Malign
1754869376.117746,00E,DoS_Attack,708C55CBFCF24792,{},Malign
1754869376.1498084,00F,DoS_Attack,0F446449730D80C7,{},Malign
1754869376.1941893,007,DoS_Attack,80CBD78369E9E5AA,{},Malign
1754869376.2458086,005,DoS_Attack,0DFA8C818E53EA23,{},Malign
1754869376.303966,010,DoS_Attack,2B86031B7FCE7006,{},Malign
1754869376.3462522,008,DoS_Attack,291A28EA11F9CC97,{},Malign
1754869376.4139469,008,DoS_Attack,E8D948BB54A8EB34,{},Malign
1754869376.5108387,00E,DoS_Attack,723B68D7935DB4A5,{},Malign
1754869376.597293,00E,DoS_Attack,0DC07458D868E019,{},Malign
1754869376.648863,00D,DoS_Attack,235A6BFF57AE0F57,{},Malign
1754869376.7038214,000,DoS_Attack,69061B98DADF7DE0,{},Malign
1754869376.7812724,003,DoS_Attack,D7B8587D04B1BF7A,{},Malign
1754869376.8712144,001,DoS_Attack,14D634B52580C9E7,{},Malign
1754869376.9265485,00B,DoS_Attack,EAD0C0ADB2904D57,{},Malign
1754869376.975207,010,DoS_Attack,2DF3E3DF2F6E91B8,{},Malign
1754869377.0272045,008,DoS_Attack,692D655CFE1DAF9E,{},Malign
1754869377.1159637,00F,DoS_Attack,A3E3445E4B46390F,{},Malign
1754869377.177863,004,DoS_Attack,F93499F6991ECC57,{},Malign
1754869377.240491,00B,DoS_Attack,E7751420B10D98F9,{},Malign
1754869377.3212821,000,DoS_Attack,1FB8F310CB5DAB85,{},Malign
1754869377.3860116,00D,DoS_Attack,F2616BAF81B79CB7,{},Malign
1754869377.485918,00C,DoS_Attack,AED49898D0BD7915,{},Malign
1754869377.5187078,00A,DoS_Attack,D573EA2B161E4C00,{},Malign
1754869377.5973206,007,DoS_Attack,C36D8DFF6B088231,{},Malign
1754869377.613715,006,DoS_Attack,6BBB035400F80E8E,{},Malign
1754869377.6363673,008,DoS_Attack,80BADF5B8B22384F,{},Malign
1754869377.735115,009,DoS_Attack,CCCE2EFD9B14A916,{},Malign
1754869377.8226817,008,DoS_Attack,C185697D8D0E5A10,{},Malign
1754869377.896973,00A,DoS_Attack,733A3C85C572170D,{},Malign
1754869377.9110858,010,DoS_Attack,BF213A9968AB1A83,{},Malign
1754869377.987947,010,DoS_Attack,0FB49A5AE4D5208E,{},Malign
1754869378.0498512,002,DoS_Attack,F1F0841125142990,{},Malign
1754869378.1132717,00A,DoS_Attack,6A546F41E868232A,{},Malign
1754869378.1359217,00C,DoS_Attack,244D7243DCAA1CF6,{},Malign
1754869378.203681,00F,DoS_Attack,411941F74D288F55,{},Malign
1754869378.238842,00C,DoS_Attack,5283367937E8CF3B,{},Malign
1754869378.3089845,003,DoS_Attack,2C2A44A08E00242F,{},Malign
1754869378.3772826,002,DoS_Attack,02F498E213379279,{},Malign
1754869378.396008,005,DoS_Attack,D9F7A6193B2CE874,{},Malign
1754869378.437019,00B,DoS_Attack,6A2BB5D9D9E5F5D2,{},Malign
1754869378.458133,008,DoS_Attack,2EC6A2E528EE6EC1,{},Malign
1754869378.48694,002,DoS_Attack,FE6214FC83505B1B,{},Malign
1754869378.5588956,00E,DoS_Attack,B2BCD464172507FC,{},Malign
1754869378.6098566,001,DoS_Attack,413892BC71D0A4FA,{},Malign
1754869378.6787193,00A,DoS_Attack,D1618929D6EB66F7,{},Malign
1754869378.7048588,002,DoS_Attack,5D15E4B4569C9275,{},Malign
1754869378.7669337,00D,DoS_Attack,BA32551690556314,{},Malign
1754869378.8256936,00A,DoS_Attack,F24D4ED0D48CC9E6,{},Malign
1754869378.9113336,003,DoS_Attack,3482D0B703FD661B,{},Malign
1754869378.9612446,00C,DoS_Attack,C7ACC4D8700EC1E3,{},Malign
1754869379.0546174,001,DoS_Attack,30525066268C5422,{},Malign
1754869379.1369128,00D,DoS_Attack,40F1CE387895E84D,{},Malign
1754869379.2368252,007,DoS_Attack,915C287CD2098E57,{},Malign
1754869379.3099816,00F,DoS_Attack,CBEE31F45B46C15D,{},Malign
1754869379.3815925,00E,DoS_Attack,16CCDF9F697D30F2,{},Malign
1754869379.405168,004,DoS_Attack,B1C7783302359621,{},Malign
1754869379.4365048,002,DoS_Attack,6A063DDEDE1DED01,{},Malign
1754869379.4490836,00F,DoS_Attack,E8036585EA1385D6,{},Malign
1754869379.5332248,006,DoS_Attack,EAE95B800B7B478E,{},Malign
1754869379.6164393,00C,DoS_Attack,86BCD75FEBDB8F98,{},Malign
1754869379.7139676,008,DoS_Attack,8B1D79D593072A5D,{},Malign
1754869379.7668378,00B,DoS_Attack,F9E701B3A3033BA8,{},Malign
1754869379.851005,00D,DoS_Attack,A4A6D188BB9E1CD4,{},Malign
1754869379.9447827,005,DoS_Attack,B513C482A509A4D8,{},Malign
1754869379.9817598,006,DoS_Attack,BCD6D3B973AEFFDE,{},Malign
1754869380.0809164,002,DoS_Attack,B185C235CA65FF18,{},Malign
1754869380.1043887,00D,DoS_Attack,00A62A35374A1B3C,{},Malign
1754869380.1370893,001,DoS_Attack,067FB8F59A6B892A,{},Malign
1754869380.2331228,00F,DoS_Attack,6573C46757291F0E,{},Malign
1754869380.2715087,006,DoS_Attack,495B47D89E653E5C,{},Malign
1754869380.313373,00B,DoS_Attack,872D25D3D5C389A4,{},Malign
1754869380.3325152,000,DoS_Attack,60B6F46B20ED3C19,{},Malign
1754869380.4258199,006,DoS_Attack,F711E3D2D0779652,{},Malign
1754869380.5148797,00B,DoS_Attack,763909F5F611E089,{},Malign
1754869380.578148,003,DoS_Attack,56F50718F5299691,{},Malign
1754869380.639806,00D,DoS_Attack,CF2A8EB635696068,{},Malign
1754869380.6771443,010,DoS_Attack,0ED274A2AF8CBC6D,{},Malign
1754869380.7738695,00A,DoS_Attack,1E3F26EED2CADBC0,{},Malign
1754869380.8359544,007,DoS_Attack,4DBC68EF2CC42B75,{},Malign
1754869380.8951762,010,DoS_Attack,3D7B28E7FC573B2C,{},Malign
1754869380.9218724,00C,DoS_Attack,677D50933C95779A,{},Malign
1754869380.9431615,007,DoS_Attack,ABF3E9D52820429E,{},Malign
1754869381.0201974,009,DoS_Attack,CE4F42B06FD8D510,{},Malign
1754869381.0398788,008,DoS_Attack,27CD17C0CABE2E04,{},Malign
1754869381.072854,007,DoS_Attack,3067F7E04A828E62,{},Malign
1754869381.1561239,00B,DoS_Attack,A2953F90F06F8F69,{},Malign
1754869381.1849124,003,DoS_Attack,156963996AF234F3,{},Malign
1754869381.216252,003,DoS_Attack,463D9F5A31073EB1,{},Malign
1754869381.2424052,003,DoS_Attack,CE261F4EC55046E0,{},Malign
1754869381.340894,00E,DoS_Attack,DF46FAE9492C7605,{},Malign
1754869381.397822,006,DoS_Attack,FABAF3C47FE2A1C1,{},Malign
1754869381.4767852,006,DoS_Attack,7049D3894D06ED35,{},Malign
1754869381.5644512,010,DoS_Attack,34D00492B0660272,{},Malign
1754869381.6151097,00B,DoS_Attack,0379DDF799391A47,{},Malign
1754869381.669981,00D,DoS_Attack,6B357A4917628250,{},Malign
1754869381.7603123,004,DoS_Attack,8C231D26BD1882F3,{},Malign
1754869381.8458774,005,DoS_Attack,B899BA0E08CA45D8,{},Malign
1754869381.9107742,005,DoS_Attack,A324123A7E0C4FF0,{},Malign
1754869382.0059977,00B,DoS_Attack,C35FE13F518EBDA8,{},Malign
1754869382.104987,003,DoS_Attack,CBD7FBC781B1F07F,{},Malign
1754869382.1714098,000,DoS_Attack,73DA2047FA0F632E,{},Malign
1754869382.2414746,00E,DoS_Attack,CF5CBD2D3CCBA786,{},Malign
1754869382.2661757,003,DoS_Attack,1F33F16D98074BB0,{},Malign
1754869382.3230233,002,DoS_Attack,854EBB1366EBBE9E,{},Malign
1754869382.334913,002,DoS_Attack,C6A281717771351C,{},Malign
1754869382.4225342,003,DoS_Attack,8AC5D46DAD045640,{},Malign
1754869382.469437,002,DoS_Attack,07B42128BCE83EC4,{},Malign
1754869382.4967813,010,DoS_Attack,17E9A75C3000C4C3,{},Malign
1754869382.5307896,000,DoS_Attack,9389DDC7ECC2B5C7,{},Malign
1754869382.5445623,00C,DoS_Attack,DED21B369C32DEB2,{},Malign
1754869382.603555,007,DoS_Attack,349C47E571CF7F5D,{},Malign
1754869382.6739786,010,DoS_Attack,3224BE30C7A1F812,{},Malign
1754869382.7099397,00D,DoS_Attack,F51833BDF837E238,{},Malign
1754869382.740716,006,DoS_Attack,CE06220256A1728A,{},Malign
1754869382.7650223,007,DoS_Attack,E1681BCD9A771C5F,{},Malign
1754869382.7899325,001,DoS_Attack,0074573B0B5567C9,{},Malign
1754869382.8589025,009,DoS_Attack,A66E071A401ECA88,{},Malign
1754869382.9239311,00B,DoS_Attack,ACBA80A28A702814,{},Malign
1754869383.0185497,003,DoS_Attack,8A00FAA0FBEAE9D7,{},Malign
1754869383.1094675,00A,DoS_Attack,0B6944474A642B5B,{},Malign
1754869383.153451,003,DoS_Attack,BA53E696D35444DD,{},Malign
1754869383.2371626,010,DoS_Attack,C19578C489577B02,{},Malign
1754869383.3172903,004,DoS_Attack,EA867DBD3B98BFF5,{},Malign
1754869383.4058778,000,DoS_Attack,794D4B2420A2EA90,{},Malign
1754869383.443344,00A,DoS_Attack,ED3C0A7AF1D06C86,{},Malign
1754869383.4593072,003,DoS_Attack,E9065EF68F6E6CF2,{},Malign
1754869383.5115747,008,DoS_Attack,6242320B853E0CBF,{},Malign
1754869383.5594647,006,DoS_Attack,5563D5561CA42A02,{},Malign
1754869383.5818367,00B,DoS_Attack,17443F013DF739E9,{},Malign
1754869383.661815,003,DoS_Attack,7A9EB350DC394745,{},Malign
1754869383.7192786,007,DoS_Attack,EA44FF79AA448DAA,{},Malign
1754869383.7808962,005,DoS_Attack,1FF87E12B6E67945,{},Malign
1754869383.7995353,010,DoS_Attack,9B7DE6CB1B045C25,{},Malign
1754869383.8195624,006,DoS_Attack,A536D4A073383BC9,{},Malign
1754869383.8905156,004,DoS_Attack,598328C0B331BD97,{},Malign
1754869383.9023614,010,DoS_Attack,B991123D82988FFE,{},Malign
1754869383.9988182,006,DoS_Attack,B86EA1D8293C2BAD,{},Malign
1754869384.0520334,010,DoS_Attack,AF66E73D6ABEE417,{},Malign
1754869384.091336,008,DoS_Attack,4A44C282F9584D6F,{},Malign
1754869384.1415987,007,DoS_Attack,F7626FC914CA5DA3,{},Malign
1754869384.197269,00C,DoS_Attack,E7A609B6BBB1F85A,{},Malign
1754869384.2235227,00C,DoS_Attack,9B6D6B8470318EAB,{},Malign
1754869384.2519705,00C,DoS_Attack,F87E9B14E6231110,{},Malign
1754869384.3169324,00E,DoS_Attack,9B832712C02F35E6,{},Malign
1754869384.3372507,005,DoS_Attack,BFA35B9C1EB16635,{},Malign
1754869384.3824885,001,DoS_Attack,D0BCC22BAAEB80B5,{},Malign
1754869384.4203484,00A,DoS_Attack,E153E9BF6417E0EC,{},Malign
1754869384.463261,00B,DoS_Attack,BED248D445C14497,{},Malign
1754869384.5014274,00B,DoS_Attack,EC45F54EDE67BD75,{},Malign
1754869384.5659215,00A,DoS_Attack,23F49F50F4E8F659,{},Malign
1754869384.5936005,008,DoS_Attack,94821347D862D492,{},Malign
1754869384.6924007,00E,DoS_Attack,DBD82FEA92A94915,{},Malign
1754869384.707849,004,DoS_Attack,3F955BEC86C8A0C2,{},Malign
1754869384.7863033,007,DoS_Attack,8E7284885AFF4D9A,{},Malign
1754869384.8846812,001,DoS_Attack,81B7AC8C884F8299,{},Malign
1754869384.9318008,006,DoS_Attack,7271366D88A19963,{},Malign
1754869384.9711678,00B,DoS_Attack,D2CEA22105DF3C5C,{},Malign
1754869385.0591233,008,DoS_Attack,E2E11F992A65788D,{},Malign
1754869385.1190698,006,DoS_Attack,15B9EF4BDF0C74A0,{},Malign
1754869385.205974,004,DoS_Attack,A731ADECF6A20B75,{},Malign
1754869385.2538724,003,DoS_Attack,90BC42CEF0520587,{},Malign
1754869385.309268,003,DoS_Attack,29322B2D4BC274A9,{},Malign
1754869385.396451,003,DoS_Attack,EB283C326459CF0C,{},Malign
1754869385.4656959,002,DoS_Attack,44F090821B75A45A,{},Malign
1754869385.5022657,00A,DoS_Attack,185A58EE41F9B6A2,{},Malign
1754869385.5944645,008,DoS_Attack,58D4705AD40DA1BE,{},Malign
1754869385.6899536,000,DoS_Attack,488B0C42DA304D54,{},Malign
1754869385.7898817,00A,DoS_Attack,2DA29F55CCD4B0EF,{},Malign
1754869385.887188,006,DoS_Attack,853262E8452083D2,{},Malign
1754869385.9738092,008,DoS_Attack,FF9ED88304C679D4,{},Malign
1754869386.0112674,007,DoS_Attack,28D40FD43C9A107E,{},Malign
1754869386.0776007,005,DoS_Attack,D377F87C02FEB46E,{},Malign
1754869386.0929737,003,DoS_Attack,3D171F123E15C90F,{},Malign
1754869386.1634557,007,DoS_Attack,ACBC953507059870,{},Malign
1754869386.204622,005,DoS_Attack,9304A9104AC7DAF4,{},Malign
1754869386.2787595,00C,DoS_Attack,568B72F75714F634,{},Malign
1754869386.2996013,00F,DoS_Attack,58BDB76AB27C6AC9,{},Malign
1754869386.327531,00B,DoS_Attack,B861427331D5807D,{},Malign
1754869386.3836293,003,DoS_Attack,1C0EF3B662B4F3CA,{},Malign
1754869386.4616492,007,DoS_Attack,4598C10409A157AA,{},Malign
1754869386.5049195,003,DoS_Attack,5B1436E2230EB3A4,{},Malign
1754869386.5561192,007,DoS_Attack,C8642DFAE699E340,{},Malign
1754869386.6375368,00F,DoS_Attack,00593925608CCE61,{},Malign
1754869386.678231,00E,DoS_Attack,7421D1EDF3A9B0B4,{},Malign
1754869386.7128255,008,DoS_Attack,699EE1460C8A6B73,{},Malign
1754869386.7858446,00B,DoS_Attack,8C7F86A64759D377,{},Malign
1754869386.8670566,000,DoS_Attack,89C4F2CDD9A41989,{},Malign
1754869386.9666972,004,DoS_Attack,53AD62112CA4F9D0,{},Malign
1754869386.985604,00B,DoS_Attack,37045E821DCAC5B1,{},Malign
1754869387.027805,004,DoS_Attack,92C44E5C90DE9BEE,{},Malign
1754869387.0742943,008,DoS_Attack,392619847F8A229B,{},Malign
1754869387.1729093,001,DoS_Attack,5CDAFF4203FBF994,{},Malign
1754869387.1942475,00E,DoS_Attack,FC240EED8ACC5FDB,{},Malign
1754869387.2760649,00D,DoS_Attack,9DD5485BE6B5A639,{},Malign
1754869387.2937775,008,DoS_Attack,7968DE8162A6E608,{},Malign
1754869387.328989,000,DoS_Attack,F212FF6546A7BF2B,{},Malign
1754869387.3510962,00D,DoS_Attack,06B013A5FDC5EFBC,{},Malign
1754869387.3688762,007,DoS_Attack,5E97B4163E8D2C1E,{},Malign
1754869387.4107013,007,DoS_Attack,F60DAF06476E0F25,{},Malign
1754869387.447172,010,DoS_Attack,283B291DCD3A2953,{},Malign
1754869387.4670393,007,DoS_Attack,16065497A1B55427,{},Malign
1754869387.5148852,009,DoS_Attack,0801F5AEE027DFDA,{},Malign
1754869387.56154,001,DoS_Attack,721A76D91042106D,{},Malign
1754869387.5781553,000,DoS_Attack,9023F99CF90BBE77,{},Malign
1754869387.6276922,00D,DoS_Attack,B12921047901E08A,{},Malign
1754869387.660084,000,DoS_Attack,686993E6F19946FD,{},Malign
1754869387.7214727,001,DoS_Attack,925975F76552ACF3,{},Malign
1754869387.733094,00A,DoS_Attack,F5FC636839F340DB,{},Malign
1754869387.76292,000,DoS_Attack,046360E5B319FED2,{},Malign
1754869387.785679,005,DoS_Attack,300E18041EC44B6A,{},Malign
1754869387.809249,010,DoS_Attack,B032B6C7C464CE54,{},Malign
1754869387.860041,00C,DoS_Attack,3B428655029E8C16,{},Malign
1754869387.9440985,010,DoS_Attack,9F00FD6E1DD312B3,{},Malign
1754869387.989286,007,DoS_Attack,E49C0212649E3B49,{},Malign
1754869388.0797048,009,DoS_Attack,A8B46D00581FDBEF,{},Malign
1754869388.131717,008,DoS_Attack,4F57BD157B5FB6E2,{},Malign
1754869388.160765,005,DoS_Attack,C6A20FD635BA5C7F,{},Malign
1754869388.2102857,00F,DoS_Attack,B67B11149E90CE23,{},Malign
1754869388.2861173,004,DoS_Attack,AB77111956A30A8E,{},Malign
1754869388.3359337,010,DoS_Attack,710470B71AD2AF9D,{},Malign
1754869388.3727183,00B,DoS_Attack,C5305FDA2E54C802,{},Malign
1754869388.4355304,00B,DoS_Attack,D800536949773968,{},Malign
1754869388.4905684,00D,DoS_Attack,A4E8141F00358DB9,{},Malign
1754869388.5395863,001,DoS_Attack,AE28931D6273A1C1,{},Malign
1754869388.6359732,004,DoS_Attack,C79F032446535B9C,{},Malign
1754869388.733102,00E,DoS_Attack,48EEEC1D95EAFAFD,{},Malign
1754869388.785885,00A,DoS_Attack,013A99091EF95FC7,{},Malign
1754869388.843227,00C,DoS_Attack,607A0973BDE2A9A1,{},Malign
1754869388.8655157,010,DoS_Attack,3D6F23AD3C1B03D0,{},Malign
1754869388.9270422,010,DoS_Attack,D235ED345D5401A0,{},Malign
1754869388.9996839,00E,DoS_Attack,67F8D0360E15748B,{},Malign
1754869389.0963824,005,DoS_Attack,33AD8B1FFC88C37E,{},Malign
1754869389.1562192,009,DoS_Attack,0FE6314B408F6D70,{},Malign
1754869389.1736293,005,DoS_Attack,C3695EB15636DEF8,{},Malign
1754869389.27347,00C,DoS_Attack,22DCD26FA7766949,{},Malign
1754869389.3374152,003,DoS_Attack,C0B1DB4CBC05A086,{},Malign
1754869389.4220984,00F,DoS_Attack,808F699C902119D9,{},Malign
1754869389.467751,001,DoS_Attack,DB055B909C327162,{},Malign
1754869389.543208,000,DoS_Attack,BE0A036DB75569C9,{},Malign
1754869389.6121914,000,DoS_Attack,ED0157F11902AD0F,{},Malign
1754869389.6558383,009,DoS_Attack,4829B6CC40EC7F85,{},Malign
1754869389.7221067,00E,DoS_Attack,4F9456974DBB191E,{},Malign
1754869389.8210578,002,DoS_Attack,A0CE1A478AADD260,{},Malign
1754869389.8844833,00D,DoS_Attack,51CD5B773A6B1BEB,{},Malign
1754869389.984453,007,DoS_Attack,8B9BC57D2BE89647,{},Malign
1754869390.0695915,00F,DoS_Attack,A3193C1B1634BF79,{},Malign
1754869390.10755,009,DoS_Attack,05E9367EE0ABE4BD,{},Malign
1754869390.1730475,006,DoS_Attack,598BD22AB2D74563,{},Malign
1754869390.2002544,005,DoS_Attack,93CD1CF8F7C4446C,{},Malign
1754869390.287768,008,DoS_Attack,5A2EB94BB3F72116,{},Malign
1754869390.3153915,008,DoS_Attack,18AE9AC56A6A524E,{},Malign
1754869390.4137971,007,DoS_Attack,A1FA4B1102D391F0,{},Malign
1754869390.5088232,00C,DoS_Attack,2796C22C13B44D58,{},Malign
1754869390.5870626,001,DoS_Attack,D50352BF22B446F0,{},Malign
1754869390.656924,003,DoS_Attack,BBD37D8578C30A3E,{},Malign
1754869390.6704676,00E,DoS_Attack,521EFEFA6517374C,{},Malign
1754869390.6813204,005,DoS_Attack,261955445DBF0DAB,{},Malign
1754869390.7278469,000,DoS_Attack,94A4CC917C1999FE,{},Malign
1754869390.8057342,007,DoS_Attack,DE0C42330B1DAB65,{},Malign
1754869390.8281047,00E,DoS_Attack,14CC63517F8751C6,{},Malign
1754869390.9097292,005,DoS_Attack,0D928D2BB38436FF,{},Malign
1754869390.9291935,004,DoS_Attack,BC0CB750EFE91D55,{},Malign
1754869390.9592898,003,DoS_Attack,259B057C45810853,{},Malign
1754869391.0101058,005,DoS_Attack,B4B0114D9D13A074,{},Malign
1754869391.0344098,001,DoS_Attack,0150F1E10204048F,{},Malign
1754869391.0784254,001,DoS_Attack,0C4428C61D09A11A,{},Malign
1754869391.1658826,001,DoS_Attack,FB17A2293B84BC1C,{},Malign
1754869391.1937678,00A,DoS_Attack,A053B745D7EA8340,{},Malign
1754869391.2044992,005,DoS_Attack,38D8937F52EFD722,{},Malign
1754869391.24515,004,DoS_Attack,500AED451DDDA0CC,{},Malign
1754869391.285624,006,DoS_Attack,01FB31B3464E9306,{},Malign
1754869391.3498657,00A,DoS_Attack,B879FEEE8B84326E,{},Malign
1754869391.4137821,009,DoS_Attack,48064F18D688661B,{},Malign
1754869391.426225,007,DoS_Attack,47EBE2C95411E51A,{},Malign
1754869391.4513175,004,DoS_Attack,D70228FD524CFBD6,{},Malign
1754869391.519635,00B,DoS_Attack,97535A1013885169,{},Malign
1754869391.5671928,00F,DoS_Attack,68EB9F1A7D880CF1,{},Malign
1754869391.6088405,00B,DoS_Attack,01C2D7E2EAD5A7DE,{},Malign
1754869391.6573153,002,DoS_Attack,42A72E92192906D7,{},Malign
1754869391.7075162,010,DoS_Attack,A1746295D24B9D57,{},Malign
1754869391.7572424,00E,DoS_Attack,E25D03BF6741DEB2,{},Malign
1754869391.8050623,007,DoS_Attack,8D7F756348B4D8F2,{},Malign
1754869391.8889332,010,DoS_Attack,7B0EBD2589D49D32,{},Malign
1754869391.946874,000,DoS_Attack,8235DA5E93B84B4E,{},Malign
1754869391.9929187,00B,DoS_Attack,0DD9F8865E4BDF7C,{},Malign
1754869392.0626688,003,DoS_Attack,8A43081ACCD6974F,{},Malign
1754869392.1156416,008,DoS_Attack,3DC5FFA0D746F1D9,{},Malign
1754869392.1327882,010,DoS_Attack,61A11C427CC2AD2B,{},Malign
1754869392.204358,009,DoS_Attack,2B253F00BCA4A525,{},Malign
1754869392.2318857,00C,DoS_Attack,62CD6BEEAD018DA3,{},Malign
1754869392.2832592,003,DoS_Attack,B5B5B82101708773,{},Malign
1754869392.3509204,006,DoS_Attack,A1F8AF1F23C7891C,{},Malign
1754869392.378686,001,DoS_Attack,8A9A6D7894B49292,{},Malign
1754869392.4748666,000,DoS_Attack,34DDCF62B5D1F5F6,{},Malign
1754869392.491425,000,DoS_Attack,5ED856FE4F25763B,{},Malign
1754869392.5295687,00F,DoS_Attack,B4759FA41F093958,{},Malign
1754869392.6046102,000,DoS_Attack,1FE24E17327D4B17,{},Malign
1754869392.670904,004,DoS_Attack,E719D31F19B6399F,{},Malign
1754869392.7314677,001,DoS_Attack,FDB4F0ED48FD13E0,{},Malign
1754869392.8115132,00E,DoS_Attack,5236A3720524515F,{},Malign
1754869392.843393,007,DoS_Attack,FADBE55EB51B03B5,{},Malign
1754869392.8699677,004,DoS_Attack,1108FED364EA5075,{},Malign
1754869392.918939,010,DoS_Attack,9A939CF9CA098C8E,{},Malign
1754869392.9729905,00F,DoS_Attack,2432FEEA9C7263C5,{},Malign
1754869393.0219343,001,DoS_Attack,7BD36B8DA067FB02,{},Malign
1754869393.1191194,006,DoS_Attack,149BB112E293202A,{},Malign
1754869393.169478,010,DoS_Attack,558FDC237AF3662B,{},Malign
1754869393.1844342,004,DoS_Attack,7DE0F4E6959BEEF9,{},Malign
1754869393.2126057,007,DoS_Attack,F623E2C42E0B9BD7,{},Malign
1754869393.2877986,006,DoS_Attack,39AC0ED8C0FBD740,{},Malign
1754869393.381041,00F,DoS_Attack,626DF309164BA83B,{},Malign
1754869393.4190474,00B,DoS_Attack,3A4CF36CD77E885D,{},Malign
1754869393.4654613,009,DoS_Attack,8D9EBE7D4627E7BC,{},Malign
1754869393.5210788,003,DoS_Attack,18F717C2505D9EBE,{},Malign
1754869393.5597095,001,DoS_Attack,A2E83E17FDE1E597,{},Malign
1754869393.629022,000,DoS_Attack,E7012836B0E92CD6,{},Malign
1754869393.6444352,000,DoS_Attack,F9A18533DE65C869,{},Malign
1754869393.719382,009,DoS_Attack,09608EB14C55DA8D,{},Malign
1754869393.7754788,000,DoS_Attack,329EAEDEC3ED66E4,{},Malign
1754869393.8576682,00E,DoS_Attack,69E6E6973BC0A5A4,{},Malign
1754869393.9279613,00E,DoS_Attack,4CB672794D171F1F,{},Malign
1754869393.967578,00D,DoS_Attack,177EE547B8866B1B,{},Malign
1754869394.017163,001,DoS_Attack,95900A7D2263544B,{},Malign
1754869394.0924478,003,DoS_Attack,795AABDA7566B4BC,{},Malign
1754869394.1026778,00F,DoS_Attack,A219142E922FEAAA,{},Malign
1754869394.181856,004,DoS_Attack,7DAAAC7A9DC2E481,{},Malign
1754869394.2261477,000,DoS_Attack,9953DA35D54EF902,{},Malign
1754869394.238623,000,DoS_Attack,13588BE10A61171C,{},Malign
1754869394.333816,00E,DoS_Attack,5F91CB65EF3F0C04,{},Malign
1754869394.345179,001,DoS_Attack,D066A5E3425B3CDC,{},Malign
1754869394.4376075,005,DoS_Attack,D3E12E0953744189,{},Malign
1754869394.4966896,00A,DoS_Attack,3B0899788D567CA7,{},Malign
1754869394.5452683,010,DoS_Attack,E8A525CD034F86E6,{},Malign
1754869394.5565135,008,DoS_Attack,850F8C2F38D8DAF3,{},Malign
1754869394.5811417,008,DoS_Attack,F39F028B57B0464C,{},Malign
1754869394.6232858,010,DoS_Attack,FDCE522759421E51,{},Malign
1754869394.6607897,00C,DoS_Attack,6F9AA797C5636E67,{},Malign
1754869394.7179055,003,DoS_Attack,850E889759B91470,{},Malign
1754869394.798583,004,DoS_Attack,6F9ABDAD744F5768,{},Malign
1754869394.8657322,007,DoS_Attack,16BD502C99DE7066,{},Malign
1754869394.893361,010,DoS_Attack,AC797E492A93D06C,{},Malign
1754869394.978827,002,DoS_Attack,1AECDF2E4BD2E4E0,{},Malign
1754869395.0738637,007,DoS_Attack,BBECFEBAE4BA391C,{},Malign
1754869395.1659558,00E,DoS_Attack,6194851BFB3924FF,{},Malign
1754869395.211246,001,DoS_Attack,B38D2B58C765E24E,{},Malign
1754869395.3112652,00B,DoS_Attack,05FC09AD77058C18,{},Malign
1754869395.342004,00D,DoS_Attack,09AC598AF48E0B00,{},Malign
1754869395.395771,001,DoS_Attack,468957DB734D3B74,{},Malign
1754869395.4748118,007,DoS_Attack,82E532FC6ECFE65E,{},Malign
1754869395.5187542,009,DoS_Attack,5C0BFF708EE0FC63,{},Malign
1754869395.5699527,005,DoS_Attack,88242DE13E4D96A7,{},Malign
1754869395.603192,009,DoS_Attack,5D93C02B159A6FE7,{},Malign
1754869395.6665049,00C,DoS_Attack,AB6D8AB45775352C,{},Malign
1754869395.7372818,00F,DoS_Attack,CD2B0FC7BC6FA9A2,{},Malign
1754869395.7586586,00F,DoS_Attack,1D6404E597CC4950,{},Malign
1754869395.808941,000,DoS_Attack,5B4E20AF70C7E9A1,{},Malign
1754869395.8471282,000,DoS_Attack,25175211F8B8B5B8,{},Malign
1754869395.9456468,007,DoS_Attack,49AD3B8CCE8C4475,{},Malign
1754869396.0207818,004,DoS_Attack,C93660480714BA74,{},Malign
1754869396.0991406,00F,DoS_Attack,505914CAAAA8DC98,{},Malign
1754869396.1318598,003,DoS_Attack,3BAEB1B3A0B31222,{},Malign
1754869396.1449249,007,DoS_Attack,A23706E1B77836C0,{},Malign
1754869396.191645,001,DoS_Attack,846A3604F9C3480E,{},Malign
1754869396.2513156,00A,DoS_Attack,A174A36300EC0DFE,{},Malign
1754869396.2759335,00A,DoS_Attack,6FA290E65B126E3F,{},Malign
1754869396.329993,00E,DoS_Attack,184EF3B09997EAF1,{},Malign
1754869396.3519862,008,DoS_Attack,458DDAEEF70BD6A6,{},Malign
1754869396.4419072,005,DoS_Attack,87CDD5D2DAB75058,{},Malign
1754869396.5150561,006,DoS_Attack,7689AF2B28199611,{},Malign
1754869396.5377266,00E,DoS_Attack,8613CF1C966695C3,{},Malign
1754869396.5511596,00D,DoS_Attack,EF209059FF787E86,{},Malign
1754869396.605282,001,DoS_Attack,EA7F896698E8730E,{},Malign
1754869396.615822,001,DoS_Attack,AEEEAE71059B90C5,{},Malign
1754869396.673829,00A,DoS_Attack,8DE827AB83A06BD5,{},Malign
1754869396.6842031,002,DoS_Attack,31AB27EAE93CF0A4,{},Malign
1754869396.7817392,00E,DoS_Attack,4D81EEB2D8CEA210,{},Malign
1754869396.8799334,002,DoS_Attack,4642F59D7B801D31,{},Malign
1754869396.9322762,005,DoS_Attack,85CE7211A50F6EB0,{},Malign
1754869397.0244098,005,DoS_Attack,78CD565D07B4D24F,{},Malign
1754869397.1092234,00D,DoS_Attack,3A527FACAF891847,{},Malign
1754869397.191619,00A,DoS_Attack,0BF40AB2021BF2D9,{},Malign
1754869397.2683344,008,DoS_Attack,1080706C4682B4CE,{},Malign
1754869397.3265514,00B,DoS_Attack,A74D0AFD2D7C50DA,{},Malign
1754869397.3848426,005,DoS_Attack,81C5BB8E09F18A69,{},Malign
1754869397.4782207,009,DoS_Attack,EA309D46E6931BD5,{},Malign
1754869397.52759,00B,DoS_Attack,795EC89253A61B3E,{},Malign
1754869397.5964682,00E,DoS_Attack,137D17371AA03E1B,{},Malign
1754869397.6872897,00C,DoS_Attack,7B2350F55155C992,{},Malign
1754869397.7458997,009,DoS_Attack,A859EF7BBB3B533C,{},Malign
1754869397.7987866,007,DoS_Attack,8062786AD00175D7,{},Malign
1754869397.8336587,003,DoS_Attack,F667BFD18D51A4FB,{},Malign
1754869397.8931682,007,DoS_Attack,1BCAE7651EACC330,{},Malign
1754869397.912151,00D,DoS_Attack,52EC37503DAF2807,{},Malign
1754869397.98094,00D,DoS_Attack,26451D1308674B1D,{},Malign
1754869398.0311596,001,DoS_Attack,63155303AEF32BDF,{},Malign
1754869398.0427835,008,DoS_Attack,CE84B105CBE2BAC7,{},Malign
1754869398.0597646,00A,DoS_Attack,ACAD5F03705B50A3,{},Malign
1754869398.0967808,008,DoS_Attack,BA04701E7CC9976E,{},Malign
1754869398.154923,004,DoS_Attack,29A13343D7AD38D4,{},Malign
1754869398.2299263,005,DoS_Attack,5A186E367934F680,{},Malign
1754869398.2954617,010,DoS_Attack,023AD951EE709D9A,{},Malign
1754869398.3810923,00E,DoS_Attack,3587BBDE05CDF8EF,{},Malign
1754869398.4093657,007,DoS_Attack,F5D1BBB0CA08340B,{},Malign
1754869398.4260268,00F,DoS_Attack,58D9EABFE0983AE8,{},Malign
1754869398.4626715,008,DoS_Attack,C93588FC7A91A690,{},Malign
1754869398.5344236,004,DoS_Attack,5D4FF7F9FDBBFA65,{},Malign
1754869398.5961905,006,DoS_Attack,8DAE6DB93A0A7948,{},Malign
1754869398.6800666,004,DoS_Attack,0391494F49CD9C1F,{},Malign
1754869398.743351,00E,DoS_Attack,74D16E69DAED24B9,{},Malign
1754869398.7991188,00F,DoS_Attack,608BA48D422A8D95,{},Malign
1754869398.8836572,009,DoS_Attack,4987ADBE22416ABF,{},Malign
1754869398.9502518,00B,DoS_Attack,C8FD3DE137BACAA2,{},Malign
1754869399.0450487,00B,DoS_Attack,55B79A800C0A3287,{},Malign
1754869399.1353307,008,DoS_Attack,71A4051D06257B92,{},Malign
1754869399.1795597,006,DoS_Attack,DD7B6D2B0784B016,{},Malign
1754869399.2667158,009,DoS_Attack,915FDC357217E394,{},Malign
1754869399.2829163,00C,DoS_Attack,AA969F1821932BFD,{},Malign
1754869399.3739662,010,DoS_Attack,C8B36CF8FEAC7A90,{},Malign
1754869399.396812,00C,DoS_Attack,480A83FC24939133,{},Malign
1754869399.4486413,006,DoS_Attack,4FC6A213607C44AD,{},Malign
1754869399.460547,006,DoS_Attack,0B09E4A42E6B82CD,{},Malign
1754869399.4886503,006,DoS_Attack,DE2B9462C68579F9,{},Malign
1754869399.5277984,001,DoS_Attack,7B550EA7F4FADCD9,{},Malign
1754869399.5992377,006,DoS_Attack,897E18C984969763,{},Malign
1754869399.630881,00E,DoS_Attack,F6953B20A448BE95,{},Malign
1754869399.6764874,004,DoS_Attack,F47EF9044B23F8C5,{},Malign
1754869399.761526,007,DoS_Attack,DDEAF950B8BC88F4,{},Malign
1754869399.7973144,009,DoS_Attack,4F326EF0EA981274,{},Malign
1754869399.8453553,00C,DoS_Attack,EF97F37DB9A6767B,{},Malign
1754869399.9334805,002,DoS_Attack,B9CB199E1F9DC580,{},Malign
1754869399.989289,005,DoS_Attack,4FB853EA8BFF83B8,{},Malign
1754869400.086893,004,DoS_Attack,C4D482D7456B7F5E,{},Malign
1754869400.1533394,004,DoS_Attack,079DFA6FFD24BF43,{},Malign
1754869400.1855497,00A,DoS_Attack,4A261FC91D8A1046,{},Malign
1754869400.2262764,001,DoS_Attack,26DD68F4F2FFF29C,{},Malign
1754869400.286394,010,DoS_Attack,D064B5E6151EDDD1,{},Malign
1754869400.3740191,00C,DoS_Attack,6C62E03C6C8560BD,{},Malign
1754869400.4535732,000,DoS_Attack,7302B439BA8B6122,{},Malign
1754869400.5056334,000,DoS_Attack,78F1D4AD1713871E,{},Malign
1754869400.5340781,004,DoS_Attack,C717D7D246F591E3,{},Malign
1754869400.5613935,004,DoS_Attack,1724A325A88CA152,{},Malign
1754869400.578071,00F,DoS_Attack,DE20818B3FDB2F1E,{},Malign
1754869400.646955,001,DoS_Attack,78451DDE6F345123,{},Malign
1754869400.6912665,002,DoS_Attack,403D51B14A4762A2,{},Malign
1754869400.7532384,00F,DoS_Attack,7DB0597315317836,{},Malign
1754869400.7748306,00E,DoS_Attack,487E1F22A999629F,{},Malign
1754869400.8455207,00A,DoS_Attack,44F8C2B8B80DF123,{},Malign
1754869400.8719137,00F,DoS_Attack,99E53F86A7A69925,{},Malign
1754869400.918411,010,DoS_Attack,CF29F638F8F36453,{},Malign
1754869400.9778929,005,DoS_Attack,1A29C0A06B72E7A7,{},Malign
1754869401.0019212,00E,DoS_Attack,950C2E1BB7067148,{},Malign
1754869401.067459,006,DoS_Attack,E2E86AEE6B5F06D4,{},Malign
1754869401.1028907,008,DoS_Attack,E02B36C0A05951CA,{},Malign
1754869401.2025719,003,DoS_Attack,02707C101277044D,{},Malign
1754869401.2680066,005,DoS_Attack,AE8379F188FD56CA,{},Malign
1754869401.3657963,003,DoS_Attack,53BE9FDE3E9D3960,{},Malign
1754869401.3935993,00D,DoS_Attack,617A7F744483FA39,{},Malign
1754869401.4930372,009,DoS_Attack,306579F503E8D03E,{},Malign
1754869401.5118196,001,DoS_Attack,908A6D19E7C2E214,{},Malign
1754869401.5368736,007,DoS_Attack,BB18D49417B67423,{},Malign
1754869401.627534,008,DoS_Attack,48088EC260F2BDC9,{},Malign
1754869401.7258635,007,DoS_Attack,D4F09894AF75C47B,{},Malign
1754869401.7489336,00F,DoS_Attack,EFDDB093B209115B,{},Malign
1754869401.788513,00F,DoS_Attack,E30F212DCCE63CD5,{},Malign
1754869401.8242817,006,DoS_Attack,F82D11E78B0DE901,{},Malign
1754869401.9038043,00F,DoS_Attack,736560685BCBBDF0,{},Malign
1754869401.9646006,009,DoS_Attack,494EE6785844C331,{},Malign
1754869402.059702,00B,DoS_Attack,EDD7A7E8C86BBA14,{},Malign
1754869402.072192,00A,DoS_Attack,8B515F7E1BCC7941,{},Malign
1754869402.1597836,00F,DoS_Attack,E077048A1A628C33,{},Malign
1754869402.1864603,010,DoS_Attack,E374F2F6FFCAE0FD,{},Malign
1754869402.2669117,00C,DoS_Attack,E832AC1127518438,{},Malign
1754869402.3248105,00C,DoS_Attack,E17FA37196A5A067,{},Malign
1754869402.3719637,00F,DoS_Attack,D1D2856B98851A36,{},Malign
1754869402.4054663,008,DoS_Attack,DF93E89F9A8FA799,{},Malign
1754869402.4708622,00B,DoS_Attack,00A1EA481273D21E,{},Malign
1754869402.5019078,007,DoS_Attack,17548A463AB90F30,{},Malign
1754869402.552968,005,DoS_Attack,ABB933FB14960A19,{},Malign
1754869402.6407592,000,DoS_Attack,0BA01BEA707089C4,{},Malign
1754869402.7324984,00D,DoS_Attack,3091634D09D36E5B,{},Malign
1754869402.8153012,00F,DoS_Attack,2FF164CE2C3E1496,{},Malign
1754869402.8306928,004,DoS_Attack,E2CDE981206B0660,{},Malign
1754869402.8507118,006,DoS_Attack,245917F448ADF796,{},Malign
1754869402.918453,010,DoS_Attack,182F8A88849A011E,{},Malign
1754869402.9836342,00C,DoS_Attack,A2C0F42241B03DEB,{},Malign
1754869403.0378847,00E,DoS_Attack,742664437D6F7D43,{},Malign
1754869403.08662,004,DoS_Attack,F3CF543AC0E06B68,{},Malign
1754869403.1534877,002,DoS_Attack,80C60C01D60602DD,{},Malign
1754869403.1848278,010,DoS_Attack,743DBECB0AA09A59,{},Malign
1754869403.240832,005,DoS_Attack,0102950784621C25,{},Malign
1754869403.2535377,00F,DoS_Attack,CA09B4E2C76F8846,{},Malign
1754869403.2847533,00D,DoS_Attack,BDD6D9E131552A67,{},Malign
1754869403.371415,002,DoS_Attack,2A2036DE4C740D1D,{},Malign
1754869403.467005,006,DoS_Attack,307D6AE003EE3C54,{},Malign
1754869403.5526178,00A,DoS_Attack,FBF05AE5B73D3B8B,{},Malign
1754869403.605278,00D,DoS_Attack,FD5A4F300DD845AE,{},Malign
1754869403.6372244,003,DoS_Attack,BCEF5EBE7CA8BE86,{},Malign
1754869403.7064939,001,DoS_Attack,F05F377EEE958C86,{},Malign
1754869403.7335443,010,DoS_Attack,C1BC3CF06310423A,{},Malign
1754869403.747868,001,DoS_Attack,7B56080C1A38BAE6,{},Malign
1754869403.7710664,008,DoS_Attack,A8020EDDAA746C7C,{},Malign
1754869403.832702,00A,DoS_Attack,19C406C35098F9F1,{},Malign
1754869403.9311714,008,DoS_Attack,0C2725944C3BA798,{},Malign
1754869403.9575417,009,DoS_Attack,0AD15BB3F94D0028,{},Malign
1754869404.0448632,000,DoS_Attack,A13D32E1A2E07B69,{},Malign
1754869404.09825,00A,DoS_Attack,16066B6B92BC7E94,{},Malign
1754869404.1328075,00C,DoS_Attack,118E00C3B21AFAC0,{},Malign
1754869404.1838539,00C,DoS_Attack,48C670F933281EB0,{},Malign
1754869404.232595,00E,DoS_Attack,BF081D5EE1F951E0,{},Malign
1754869404.293033,009,DoS_Attack,B4891CADEBF27B2B,{},Malign
1754869404.3655918,00C,DoS_Attack,8EA3A7A2BADD4E1F,{},Malign
1754869404.41038,00F,DoS_Attack,768B115A2B4392F0,{},Malign
1754869404.463875,010,DoS_Attack,B7570FEBE8190C2F,{},Malign
1754869404.5413945,002,DoS_Attack,3AD4B01C38CF3462,{},Malign
1754869404.5635757,007,DoS_Attack,BFBFDE3536D03C9C,{},Malign
1754869404.6337397,00A,DoS_Attack,0CEB207B3708F962,{},Malign
1754869404.717842,010,DoS_Attack,334600D506C72ACC,{},Malign
1754869404.7404692,009,DoS_Attack,F755A915013ABD14,{},Malign
1754869404.7716615,00B,DoS_Attack,15505530AA0502FE,{},Malign
1754869404.812364,00C,DoS_Attack,2EF65E00C8251980,{},Malign
1754869404.884458,000,DoS_Attack,9327951FBE117D05,{},Malign
1754869404.9473474,00D,DoS_Attack,3399198D12BAF2E4,{},Malign
1754869404.9607322,000,DoS_Attack,AF3310BCA5E22468,{},Malign
1754869404.989624,003,DoS_Attack,862D88AA3CF61A1D,{},Malign
1754869405.0053685,010,DoS_Attack,107985285DE7D146,{},Malign
1754869405.0945346,00C,DoS_Attack,2ECE1CB88EA70C9E,{},Malign
1754869405.1793299,009,DoS_Attack,DD3E6C58F671C882,{},Malign
1754869405.2705767,00C,DoS_Attack,8EC0FB4CBA4CA072,{},Malign
1754869405.3354514,00D,DoS_Attack,E2FFAD6817986A3C,{},Malign
1754869405.408514,001,DoS_Attack,C64EF40426549E05,{},Malign
1754869405.4734716,004,DoS_Attack,A7F7A43A6EB855AB,{},Malign
1754869405.5477645,00D,DoS_Attack,E8E3D9609BB7A0D9,{},Malign
1754869405.6205125,009,DoS_Attack,E342576DA44D19EB,{},Malign
1754869405.695044,004,DoS_Attack,5B769DCE5C7B1739,{},Malign
1754869405.7456946,000,DoS_Attack,E76075BE2309A4C4,{},Malign
1754869405.7737017,00E,DoS_Attack,718D195B72784DE5,{},Malign
1754869405.80216,007,DoS_Attack,3475158E3DBE5919,{},Malign
1754869405.890327,008,DoS_Attack,CDED6FAF0E842F41,{},Malign
1754869405.9835608,005,DoS_Attack,EF48B318E82BC14A,{},Malign
1754869405.998776,000,DoS_Attack,1AF782C3D2C690E2,{},Malign
1754869406.0865834,00F,DoS_Attack,64DB25066B3A40F7,{},Malign
1754869406.1428268,009,DoS_Attack,9561CC9B51EBF402,{},Malign
1754869406.1927297,009,DoS_Attack,921B986963576871,{},Malign
1754869406.2660124,000,DoS_Attack,C65FDD1A0DA46C50,{},Malign
1754869406.3582237,00B,DoS_Attack,ADB2E404F7470463,{},Malign
1754869406.4575758,008,DoS_Attack,187622E50C1AA929,{},Malign
1754869406.53835,007,DoS_Attack,94921F7BD13F6F84,{},Malign
1754869406.6276224,00F,DoS_Attack,F4929A46D95775AF,{},Malign
1754869406.64458,009,DoS_Attack,FC7278886902F2B3,{},Malign
1754869406.6617184,00C,DoS_Attack,009F85F1E67F13DE,{},Malign
1754869406.681701,004,DoS_Attack,04275F27EF31E096,{},Malign
1754869406.7299237,004,DoS_Attack,56DB004B1B8052FB,{},Malign
1754869406.7620459,00C,DoS_Attack,6D42FCD7762B6BF3,{},Malign
1754869406.8360384,002,DoS_Attack,B4A02463149E5437,{},Malign
1754869406.923803,00C,DoS_Attack,96E75C5D555F928F,{},Malign
1754869406.9584131,00E,DoS_Attack,32FB0E39391FC7F4,{},Malign
1754869406.9958708,00A,DoS_Attack,1C4545FA01C7E96C,{},Malign
1754869407.0697753,002,DoS_Attack,76CF8A974DEB4834,{},Malign
1754869407.1235583,007,DoS_Attack,B6A290B64F99E30E,{},Malign
1754869407.156372,00B,DoS_Attack,B2593767D5DC4FBF,{},Malign
1754869407.2297502,00B,DoS_Attack,1D8DD2018FD4EA6D,{},Malign
1754869407.3175948,003,DoS_Attack,CF95664B68311536,{},Malign
1754869407.3876588,003,DoS_Attack,6E906EB711B57ADE,{},Malign
1754869407.448607,00A,DoS_Attack,77E9FE6FC9633D12,{},Malign
1754869407.5248525,003,DoS_Attack,840F33118B99FC4C,{},Malign
1754869407.5776508,00A,DoS_Attack,E0CA474E4CDEC36C,{},Malign
1754869407.635875,007,DoS_Attack,FE38ADADEC4B1562,{},Malign
1754869407.6924772,004,DoS_Attack,C10DE35605F9A372,{},Malign
1754869407.7076995,007,DoS_Attack,08E35402B8F94EC0,{},Malign
1754869407.762668,002,DoS_Attack,B9FADC9383E5C17C,{},Malign
1754869407.776097,00A,DoS_Attack,D2F0C757DCCF397B,{},Malign
1754869407.842354,00B,DoS_Attack,9E38896262421F77,{},Malign
1754869407.8733091,00E,DoS_Attack,A7A63B2BB464C4AB,{},Malign
1754869407.9417038,00C,DoS_Attack,1685354665E19737,{},Malign
1754869408.0220232,003,DoS_Attack,FB91975D625A23F5,{},Malign
1754869408.0449493,002,DoS_Attack,4D0AA3B5124289CA,{},Malign
1754869408.1136987,00E,DoS_Attack,25CE88A1DC6578EA,{},Malign
1754869408.1384325,003,DoS_Attack,706AB4ABC21ED94E,{},Malign
1754869408.23449,007,DoS_Attack,0BB1F3592ECDC575,{},Malign
1754869408.2907948,00F,DoS_Attack,60F0BC3F60C3AC31,{},Malign
1754869408.338329,006,DoS_Attack,FAE1CC72F69E9E91,{},Malign
1754869408.4224358,00B,DoS_Attack,F18A1920F928B707,{},Malign
1754869408.5079248,00E,DoS_Attack,1DF2C64F9CB2E80F,{},Malign
1754869408.5487165,007,DoS_Attack,54231F24E2BBA11F,{},Malign
1754869408.5615852,00D,DoS_Attack,D7E8ED7B6FE1400A,{},Malign
1754869408.6595223,00C,DoS_Attack,C981A782FFCE3A9D,{},Malign
1754869408.6995146,007,DoS_Attack,12C3658A9B039105,{},Malign
1754869408.725457,005,DoS_Attack,147AD06DE1F1493B,{},Malign
1754869408.7359385,000,DoS_Attack,36B5D9D61A50D1E4,{},Malign
1754869408.7525704,008,DoS_Attack,77D3DDF17D3A20B8,{},Malign
1754869408.7990572,006,DoS_Attack,FDDAEA52EA039732,{},Malign
1754869408.8243606,003,DoS_Attack,EE269B6B7F6474CE,{},Malign
1754869408.9154947,00D,DoS_Attack,BBB42F02E4B4A2AE,{},Malign
1754869408.9339051,003,DoS_Attack,DA27783E68C3CD67,{},Malign
1754869408.973849,00F,DoS_Attack,BD5CA00C25B3899A,{},Malign
1754869409.0101883,003,DoS_Attack,218D9895ED7804C6,{},Malign
1754869409.0955472,00E,DoS_Attack,5FF81317583289CE,{},Malign
1754869409.149165,004,DoS_Attack,A01F8803CF0B2CE3,{},Malign
1754869409.180266,003,DoS_Attack,AF5982A868069049,{},Malign
1754869409.201093,00C,DoS_Attack,2A9BEBE66C6464B5,{},Malign
1754869409.2570171,007,DoS_Attack,86E2851DCDBAA302,{},Malign
1754869409.2797828,003,DoS_Attack,A578E173BA4C61A5,{},Malign
1754869409.353717,00E,DoS_Attack,73BFA54D7524F724,{},Malign
1754869409.4208176,00D,DoS_Attack,15C64C8BF3FF3D74,{},Malign
1754869409.4906037,010,DoS_Attack,B3CDB5AC1259E257,{},Malign
1754869409.5715253,00F,DoS_Attack,2948D60AF2FCB0EA,{},Malign
1754869409.6196852,001,DoS_Attack,045C71A1625B03E8,{},Malign
1754869409.6552825,005,DoS_Attack,72F1CAEEF37C4881,{},Malign
1754869409.7059684,006,DoS_Attack,B9FF5B3B3D0E13D8,{},Malign
1754869409.7619934,001,DoS_Attack,45CBDBB9EDE2B07E,{},Malign
1754869409.8485398,004,DoS_Attack,F5A76E75A70DB5A2,{},Malign
1754869409.9177194,005,DoS_Attack,5422FAE2C278DF21,{},Malign
1754869409.9426064,00F,DoS_Attack,6AEC833C9A7318CE,{},Malign
1754869409.966694,009,DoS_Attack,E4891A20335999DB,{},Malign
1754869409.9795127,000,DoS_Attack,D76E59DC38306502,{},Malign
1754869410.0018167,008,DoS_Attack,8AD73F42249DBE3C,{},Malign
1754869410.0550387,00D,DoS_Attack,4B6878CDBE045152,{},Malign
1754869410.0901382,004,DoS_Attack,C4AFF32873179F05,{},Malign
1754869410.1575294,005,DoS_Attack,69C0EF630498C5AE,{},Malign
1754869410.2132769,005,DoS_Attack,B954032353914886,{},Malign
1754869410.3069043,00D,DoS_Attack,A683837FD7FC12CE,{},Malign
1754869410.362029,005,DoS_Attack,B30506157306BD37,{},Malign
1754869410.42316,001,DoS_Attack,7E9D148380DE8DBD,{},Malign
1754869410.5005312,00F,DoS_Attack,253F47175B69F319,{},Malign
1754869410.5209455,007,DoS_Attack,7A8EFB25ADA9B104,{},Malign
1754869410.568851,00A,DoS_Attack,D33572901A9BBD6F,{},Malign
1754869410.6365194,008,DoS_Attack,1DB26D599113A47D,{},Malign
1754869410.713213,00E,DoS_Attack,21C62F1BC9EF749B,{},Malign
1754869410.7849836,002,DoS_Attack,56BA1ED99503170B,{},Malign
1754869410.8639188,010,DoS_Attack,D9A51ED81F50B1EB,{},Malign
1754869410.9475303,00D,DoS_Attack,460D38D92AA76635,{},Malign
1754869411.0149796,002,DoS_Attack,B66F1722DEB776E1,{},Malign
1754869411.0893762,004,DoS_Attack,813ED1373E0DDB0F,{},Malign
1754869411.1782243,004,DoS_Attack,189B88101CA5D075,{},Malign
1754869411.1969056,009,DoS_Attack,02CF589516208136,{},Malign
1754869411.2801585,00E,DoS_Attack,2A67120270AB852A,{},Malign
1754869411.3322558,00F,DoS_Attack,AA675BB15B72DA74,{},Malign
1754869411.4210055,001,DoS_Attack,527A7A56873493FF,{},Malign
1754869411.4877021,006,DoS_Attack,C36DE09ED7D2FCC0,{},Malign
1754869411.5705369,00C,DoS_Attack,2919CCFC90F70A59,{},Malign
1754869411.6470854,003,DoS_Attack,8DE9E650A86D0AE3,{},Malign
1754869411.7401543,003,DoS_Attack,7594B679CFEAA3D8,{},Malign
1754869411.78994,00C,DoS_Attack,E919D9DAF7DA9121,{},Malign
1754869411.8221834,004,DoS_Attack,ED1F4B27C29BC06B,{},Malign
1754869411.9058268,00D,DoS_Attack,C69500D014451CAD,{},Malign
1754869411.9298487,002,DoS_Attack,26C51582AFD4727E,{},Malign
1754869412.0030687,001,DoS_Attack,69CF380F13976621,{},Malign
1754869412.0853183,00B,DoS_Attack,7010D925F69A13F4,{},Malign
1754869412.139083,005,DoS_Attack,8CD202C0A2FF95EA,{},Malign
1754869412.2129648,001,DoS_Attack,D320A563938C2BEA,{},Malign
1754869412.2249088,004,DoS_Attack,D6CB1432E3BC8457,{},Malign
1754869412.2932541,003,DoS_Attack,112683404272914B,{},Malign
1754869412.3320105,000,DoS_Attack,1FA06F8B13E91C4D,{},Malign
1754869412.364453,001,DoS_Attack,BD100D833041C336,{},Malign
1754869412.427592,00E,DoS_Attack,21D57DB868EBB888,{},Malign
1754869412.5165625,000,DoS_Attack,84292F02FD65A6F9,{},Malign
1754869412.562266,00C,DoS_Attack,9A5D706950884753,{},Malign
1754869412.6587884,008,DoS_Attack,08780C21D3A811F2,{},Malign
1754869412.7011175,000,DoS_Attack,3ED2D2863763015E,{},Malign
1754869412.7313175,006,DoS_Attack,E987E0D7A5C74436,{},Malign
1754869412.8185346,00D,DoS_Attack,CE91B7ED6A2F0E9D,{},Malign
1754869412.8303444,003,DoS_Attack,70B5A4308EA0B743,{},Malign
1754869412.8529594,010,DoS_Attack,CFC59B8A6F70C4C8,{},Malign
1754869412.8896954,00D,DoS_Attack,92CC2F538800D4FC,{},Malign
1754869412.9631462,007,DoS_Attack,35DA7877D64E9E0D,{},Malign
1754869412.993258,00B,DoS_Attack,3F2E2F7DA35C2C6B,{},Malign
1754869413.0305886,007,DoS_Attack,251F072BD5F7403A,{},Malign
1754869413.1156826,008,DoS_Attack,5BAF3A4D777FEA46,{},Malign
1754869413.1624975,00B,DoS_Attack,F89E3790830E0D2B,{},Malign
1754869413.191523,000,DoS_Attack,BCB9D7957D3F93F0,{},Malign
1754869413.2407885,002,DoS_Attack,A1043D470BB9EE20,{},Malign
1754869413.2523699,00E,DoS_Attack,8B7E0143AD571111,{},Malign
1754869413.2856367,00C,DoS_Attack,D1ABFF468D7305AA,{},Malign
1754869413.35194,003,DoS_Attack,DF18627F951FD49A,{},Malign
1754869413.366413,003,DoS_Attack,F760059333A5278D,{},Malign
1754869413.4372897,000,DoS_Attack,3902227163DE00F1,{},Malign
1754869413.4828784,00F,DoS_Attack,1B2B64402248EBF0,{},Malign
1754869413.5683599,002,DoS_Attack,9380E1935FD6012E,{},Malign
1754869413.6225417,003,DoS_Attack,1F0ED0B79FC85C49,{},Malign
1754869413.7122989,007,DoS_Attack,735B35BF6768F4D0,{},Malign
1754869413.726578,007,DoS_Attack,1B579E33DD9005DA,{},Malign
1754869413.8041174,00F,DoS_Attack,B265FAB8ADEB14D6,{},Malign
1754869413.8357685,003,DoS_Attack,20773817380A8C5F,{},Malign
1754869413.8718255,009,DoS_Attack,0AC7D6244B511656,{},Malign
1754869413.963111,000,DoS_Attack,C00B06649DF5F38B,{},Malign
1754869414.0293925,006,DoS_Attack,90B5784B6184A477,{},Malign
1754869414.098022,004,DoS_Attack,3FE9F86651EDD161,{},Malign
1754869414.1203792,00D,DoS_Attack,054C825C6406A98A,{},Malign
1754869414.13451,010,DoS_Attack,C4047B0FD966DBB0,{},Malign
1754869414.2060816,010,DoS_Attack,5687CE69AC981BBB,{},Malign
1754869414.2630405,00E,DoS_Attack,4BACB064E45B9134,{},Malign
1754869414.2787044,005,DoS_Attack,870E48EED0F6D60E,{},Malign
1754869414.3740382,009,DoS_Attack,9AEF47BC18789CBD,{},Malign
1754869414.4127254,00A,DoS_Attack,B677436DCB09C9F9,{},Malign
1754869414.4452903,009,DoS_Attack,780F75FD25CFECBD,{},Malign
1754869414.4899535,00D,DoS_Attack,868B8BD062F56E7E,{},Malign
1754869414.507654,009,DoS_Attack,F45C10181798FD12,{},Malign
1754869414.5704079,006,DoS_Attack,374FFD256DE6B122,{},Malign
1754869414.6288297,010,DoS_Attack,65B89715BC3ED298,{},Malign
1754869414.7045047,003,DoS_Attack,793EF32F475E532E,{},Malign
1754869414.8026562,00D,DoS_Attack,309BB98DBA0CBF01,{},Malign
1754869414.8448524,004,DoS_Attack,DF16F80DAAEDDBCF,{},Malign
1754869414.9358723,000,DoS_Attack,AD048F7A98E65437,{},Malign
1754869414.9954212,000,DoS_Attack,959FF18A2A3A4A15,{},Malign
1754869415.07293,00A,DoS_Attack,FDCA057FD7E18143,{},Malign
1754869415.1508298,000,DoS_Attack,FF3BDF92B5237B7D,{},Malign
